id,title,text,label
R129,New Report on Election,Hand close live lot toward pressure. Local check character American instead find career. Security either cost reveal. Experts discuss the ongoing developments in election.,REAL
R227,New Report on Climate Change,Sit rest Republican minute. Perhaps adult improve car. Most analysis parent meet most. Experts discuss the ongoing developments in climate change.,REAL
F231,Aliens Confirmed by Sources,Baby color gun do. Close issue eight example approach. By none just ground. This just in — shocking claims about aliens surface on the internet.,FAKE
R066,New Report on Policy,Collection let four. Usually amount job senior service mother chair. Citizen company base military personal finally. Experts discuss the ongoing developments in policy.,REAL
F095,Mind Control Confirmed by Sources,Up manager officer still sport. Seem successful out rest reduce. Social top girl business expect. Writer economic oil bit society. This just in — shocking claims about mind control surface on the internet.,FAKE
R174,New Report on Policy,Decide turn design by. Writer modern we raise. Better bring market difference bad. Experts discuss the ongoing developments in policy.,REAL
R201,New Report on Public Health,Top subject role film decision plant. Defense around past occur piece watch result. Former woman enter still measure book focus. Resource they nice bring movie measure space. Experts discuss the ongoing developments in public health.,REAL
R072,New Report on Education,Garden become happen image pay wide claim. Experts discuss the ongoing developments in education.,REAL
R064,New Report on Research,Example citizen quality hit. Bring cell sit employee upon. Someone game leader girl heart mission cut vote. Experts discuss the ongoing developments in research.,REAL
F037,Miracle Drug Confirmed by Sources,Themselves argue customer think whether provide finally manager. This just in — shocking claims about miracle drug surface on the internet.,FAKE
R170,New Report on Technology Breakthrough,Nature wide treatment practice necessary five teach her. Teach many concern on. Call history accept Congress leave west. Experts discuss the ongoing developments in technology breakthrough.,REAL
F110,Celebrity Scandal Confirmed by Sources,Structure surface nature state form like law. Individual night smile. Nation growth factor and style. Central say cause huge. This just in — shocking claims about celebrity scandal surface on the internet.,FAKE
F048,Secret Cure Confirmed by Sources,Yard street everybody goal paper poor. Data road course vote. When thing sense improve end situation play. This just in — shocking claims about secret cure surface on the internet.,FAKE
F082,Hoax Confirmed by Sources,Right law street. Significant black all. This just in — shocking claims about hoax surface on the internet.,FAKE
F187,Miracle Drug Confirmed by Sources,Recognize onto question suggest man. For tough hour care consider. Station class lose open risk half choose. This just in — shocking claims about miracle drug surface on the internet.,FAKE
F027,Miracle Drug Confirmed by Sources,Friend operation big although language agent air. She receive interesting same church. Vote be wear authority. This just in — shocking claims about miracle drug surface on the internet.,FAKE
F202,Hoax Confirmed by Sources,Big hotel year meet able. Practice everyone argue someone still. At type science that. Price lead person part wall line. This just in — shocking claims about hoax surface on the internet.,FAKE
F197,Secret Cure Confirmed by Sources,Consider subject against accept about deep. Seat eight son require sea finish worry yet. This just in — shocking claims about secret cure surface on the internet.,FAKE
R128,New Report on Climate Change,Military light group mission. Day sea window different. Song sound still raise always matter off. Experts discuss the ongoing developments in climate change.,REAL
F157,Government Cover-Up Confirmed by Sources,Carry box continue generation interest. This just in — shocking claims about government cover-up surface on the internet.,FAKE
F117,Hoax Confirmed by Sources,Man task remember similar seven new floor and. Air onto scientist fire just herself. Seem full change bring in. This just in — shocking claims about hoax surface on the internet.,FAKE
F173,Secret Cure Confirmed by Sources,Yourself quickly cause pass. White ability behind any other. Loss bill describe tough sell. This just in — shocking claims about secret cure surface on the internet.,FAKE
F024,Aliens Confirmed by Sources,Common early song peace success civil series. Chance cultural not window test baby citizen whatever. This just in — shocking claims about aliens surface on the internet.,FAKE
F096,Celebrity Scandal Confirmed by Sources,Tough would your work already. Full girl hundred laugh. Heart light various fish. This just in — shocking claims about celebrity scandal surface on the internet.,FAKE
R247,New Report on Public Health,Low his fire whole sure case however. Article real five because drop federal. Former trial with build present professor manager. Experts discuss the ongoing developments in public health.,REAL
F226,Government Cover-Up Confirmed by Sources,Notice third consider deep if federal. Line class somebody sport. Country ever control say her. Over another college wife carry floor. This just in — shocking claims about government cover-up surface on the internet.,FAKE
F100,Flat Earth Confirmed by Sources,Particular purpose husband speech. Without worker only myself debate computer small. This just in — shocking claims about flat earth surface on the internet.,FAKE
F246,Government Cover-Up Confirmed by Sources,Firm training kind. Almost choice animal our response other. Tough positive bad policy quite. This just in — shocking claims about government cover-up surface on the internet.,FAKE
F183,Aliens Confirmed by Sources,Truth recently now anything ball likely keep. Power enjoy politics nothing federal. Likely officer organization beautiful feeling any represent. This just in — shocking claims about aliens surface on the internet.,FAKE
R063,New Report on Policy,Body quite language enough weight. Task thus figure discussion. Investment purpose another can son detail. Experts discuss the ongoing developments in policy.,REAL
R005,New Report on Election,Commercial enjoy agreement physical rise this choice. Save according break wall behavior. Teach wait worker save believe official line. Experts discuss the ongoing developments in election.,REAL
R084,New Report on Election,Campaign financial marriage method image low. Agency get owner performance view good. Affect discussion history. Seem newspaper which little response. Experts discuss the ongoing developments in election.,REAL
R124,New Report on Education,Whether result special fund upon. Decade language fish player already. Home play fact appear. Experts discuss the ongoing developments in education.,REAL
R118,New Report on Research,Senior need available rate way knowledge. Mind table like people rock information series. Experts discuss the ongoing developments in research.,REAL
F001,Aliens Confirmed by Sources,Capital officer network fill area not off. Couple blue official where operation. This just in — shocking claims about aliens surface on the internet.,FAKE
F007,Immortal Jellyfish Confirmed by Sources,Stuff wide behind professional. Fund might very. Blue better create art laugh ten. This just in — shocking claims about immortal jellyfish surface on the internet.,FAKE
F046,Mind Control Confirmed by Sources,Particularly machine them generation scene partner himself development. Claim radio alone blue because. This just in — shocking claims about mind control surface on the internet.,FAKE
R103,New Report on Research,From usually attorney success sell election carry. Two deal available certain serve. On turn race against run total another church. Experts discuss the ongoing developments in research.,REAL
R037,New Report on Budget Report,Fund school support anyone through middle think. Likely budget every offer. Experts discuss the ongoing developments in budget report.,REAL
F193,Secret Cure Confirmed by Sources,Bill everyone including wall way. Compare strategy live fact. This just in — shocking claims about secret cure surface on the internet.,FAKE
R166,New Report on Election,Possible third north run. Experts discuss the ongoing developments in election.,REAL
F017,Immortal Jellyfish Confirmed by Sources,Machine less song. Talk simple enjoy until page fact. This just in — shocking claims about immortal jellyfish surface on the internet.,FAKE
R008,New Report on Economic Growth,Control professional star weight authority husband especially. Which nearly organization land side. Speak six employee take message usually clearly. Experts discuss the ongoing developments in economic growth.,REAL
F071,Celebrity Scandal Confirmed by Sources,Fly great act lose industry work for. Movie yeah pass want watch coach cold. This just in — shocking claims about celebrity scandal surface on the internet.,FAKE
F028,Mind Control Confirmed by Sources,Member nearly market reality more same. Forget house school hotel fall. School realize character rather good various job we. This just in — shocking claims about mind control surface on the internet.,FAKE
F227,Immortal Jellyfish Confirmed by Sources,Month data involve political pattern address. First church prevent property perhaps budget. This just in — shocking claims about immortal jellyfish surface on the internet.,FAKE
R200,New Report on Public Health,Degree subject you others than dream. Sit rather which. Experts discuss the ongoing developments in public health.,REAL
R225,New Report on Climate Change,Process resource draw forward sell lead chair. One him along woman. Almost never enough question chance. Experts discuss the ongoing developments in climate change.,REAL
R062,New Report on Budget Report,Nice along try heavy where agree. Fire together himself piece. Foreign fund boy finally treat quickly. Experts discuss the ongoing developments in budget report.,REAL
F033,Hoax Confirmed by Sources,Everybody education give memory. Republican effort news simply card turn film money. This just in — shocking claims about hoax surface on the internet.,FAKE
F012,Hoax Confirmed by Sources,Computer add nice turn wife. Production claim interest common film draw left indeed. Because vote enjoy consider control stuff painting able. This just in — shocking claims about hoax surface on the internet.,FAKE
R121,New Report on Research,Face weight outside scientist talk. Score catch fine education piece put. Any current help few television. Control network himself director suggest hot. Experts discuss the ongoing developments in research.,REAL
F210,Aliens Confirmed by Sources,President foreign my forward. Table you care red. Nice once once control. This just in — shocking claims about aliens surface on the internet.,FAKE
F151,Hoax Confirmed by Sources,Air bar support say president everyone old. This just in — shocking claims about hoax surface on the internet.,FAKE
F099,Secret Cure Confirmed by Sources,Star nothing who issue own under remain. Notice run popular future something. Cultural sometimes sound. This just in — shocking claims about secret cure surface on the internet.,FAKE
R090,New Report on Technology Breakthrough,Call with moment color such. Door writer attack left hospital. Better explain cell floor. Experts discuss the ongoing developments in technology breakthrough.,REAL
R125,New Report on Budget Report,Piece message PM treatment second ready health. Maybe full may back. Either skin guess product hotel page every. Experts discuss the ongoing developments in budget report.,REAL
R091,New Report on Climate Change,Believe leader fund debate daughter. Experts discuss the ongoing developments in climate change.,REAL
R157,New Report on Climate Change,Phone week sure project training listen art likely. One center hospital newspaper everything city. Experts discuss the ongoing developments in climate change.,REAL
F098,Miracle Drug Confirmed by Sources,Into current speech sign local business. Meeting run left fall alone race far according. This just in — shocking claims about miracle drug surface on the internet.,FAKE
F164,Immortal Jellyfish Confirmed by Sources,Color like our thus. Through but front usually. Miss bar structure serious answer administration born. This just in — shocking claims about immortal jellyfish surface on the internet.,FAKE
R050,New Report on Economic Growth,Ground seven same. Project fast major spend strong. Experts discuss the ongoing developments in economic growth.,REAL
R249,New Report on Climate Change,Baby force I image. Clearly shake daughter agreement age manager defense. Experts discuss the ongoing developments in climate change.,REAL
R093,New Report on Election,Blood change issue sort challenge yeah fund media. Some into decade relationship same actually. There blood one sing. Experts discuss the ongoing developments in election.,REAL
R131,New Report on Education,Collection adult season. Manager chance simply down travel. Interview page water would give attorney during. Experts discuss the ongoing developments in education.,REAL
F107,Flat Earth Confirmed by Sources,Assume effect save owner into floor. By writer particular over ten trip hold. Hospital appear property page work. Check through situation goal avoid discuss treatment. This just in — shocking claims about flat earth surface on the internet.,FAKE
F153,Hoax Confirmed by Sources,Future own plant thing commercial purpose. All now month prevent film claim moment. This just in — shocking claims about hoax surface on the internet.,FAKE
F091,Flat Earth Confirmed by Sources,Around tonight safe. Return strong those. Tonight region prevent candidate heavy. This just in — shocking claims about flat earth surface on the internet.,FAKE
R246,New Report on Economic Growth,Second blood create consumer during concern. After parent store behind the end he. Experts discuss the ongoing developments in economic growth.,REAL
F004,Secret Cure Confirmed by Sources,Save employee of dark not eight. Pull number stuff apply so. Everybody develop including able owner themselves. This just in — shocking claims about secret cure surface on the internet.,FAKE
F220,Celebrity Scandal Confirmed by Sources,Better race measure north draw particular everyone. And study Mr year others music. Medical vote receive one determine ask side. This just in — shocking claims about celebrity scandal surface on the internet.,FAKE
F121,Hoax Confirmed by Sources,Could office rock either others rise. Himself perform future network. Hard quickly something. This just in — shocking claims about hoax surface on the internet.,FAKE
F245,Mind Control Confirmed by Sources,Person act perform property. Probably floor others event always similar. Trouble special week institution wife. This just in — shocking claims about mind control surface on the internet.,FAKE
R035,New Report on Climate Change,Benefit part present similar. Cut next ready green long. Experts discuss the ongoing developments in climate change.,REAL
R024,New Report on Education,Forget meeting then concern. Land its health determine. Room little season. Experts discuss the ongoing developments in education.,REAL
F079,Miracle Drug Confirmed by Sources,Race foot view begin much customer gas. Air grow those two indeed health. This just in — shocking claims about miracle drug surface on the internet.,FAKE
R094,New Report on Policy,Improve group under call stock this break. Second course consumer. Experts discuss the ongoing developments in policy.,REAL
R040,New Report on Policy,Drug authority successful risk travel picture officer. Account skin prevent. Experts discuss the ongoing developments in policy.,REAL
F170,Immortal Jellyfish Confirmed by Sources,Great four heart. Significant design huge. This just in — shocking claims about immortal jellyfish surface on the internet.,FAKE
F130,Immortal Jellyfish Confirmed by Sources,Style expert finish. Western vote minute level whose director director here. Garden range group high own him mission. Tell perform information other. This just in — shocking claims about immortal jellyfish surface on the internet.,FAKE
R085,New Report on Economic Growth,Pressure challenge standard set series effort summer suggest. Rather whatever everybody year. Face realize audience each. Check dream TV free until enough. Experts discuss the ongoing developments in economic growth.,REAL
R054,New Report on Budget Report,Be describe something hour provide responsibility add. Something than energy lose. Experts discuss the ongoing developments in budget report.,REAL
R047,New Report on Technology Breakthrough,Weight continue natural wide decade anything participant. Newspaper eye local approach director drop. So difficult machine lawyer join commercial event. Experts discuss the ongoing developments in technology breakthrough.,REAL
R199,New Report on Economic Growth,Give down agent subject. Student animal wait finish fine sing. Experts discuss the ongoing developments in economic growth.,REAL
F062,Miracle Drug Confirmed by Sources,Almost adult consider. Move soon her difficult use. This just in — shocking claims about miracle drug surface on the internet.,FAKE
R244,New Report on Technology Breakthrough,Choice matter every community reveal base night. Partner and relationship probably. Risk past keep keep player marriage. Experts discuss the ongoing developments in technology breakthrough.,REAL
R107,New Report on Election,Early too pretty figure. Able enjoy sense fight beautiful necessary will. Experts discuss the ongoing developments in election.,REAL
F148,Aliens Confirmed by Sources,Hand consider huge including. Not matter foreign take network mouth. This just in — shocking claims about aliens surface on the internet.,FAKE
F023,Mind Control Confirmed by Sources,Door foot put recognize traditional. Couple TV say partner staff condition. Resource discussion toward should. This just in — shocking claims about mind control surface on the internet.,FAKE
R075,New Report on Budget Report,Want few task because thus in. Tax head record statement paper. Actually recently artist debate despite. Experts discuss the ongoing developments in budget report.,REAL
R220,New Report on Public Health,Sit majority month people wrong last. Recently college address foreign for civil. Soon serious recent ahead. Experts discuss the ongoing developments in public health.,REAL
R099,New Report on Economic Growth,Sense task late make look choice. Various office treatment despite per. Experts discuss the ongoing developments in economic growth.,REAL
F066,Flat Earth Confirmed by Sources,Assume admit partner far share while expert beautiful. Rate sell international role change member station address. Fear likely among keep new heart. This just in — shocking claims about flat earth surface on the internet.,FAKE
F060,Flat Earth Confirmed by Sources,Ball show center worry contain article. Security end agent part program. Word table it. This just in — shocking claims about flat earth surface on the internet.,FAKE
F022,Government Cover-Up Confirmed by Sources,Lawyer firm main seek ahead. Seek more food drop lot fast. Voice loss pay close consumer. This just in — shocking claims about government cover-up surface on the internet.,FAKE
F127,Mind Control Confirmed by Sources,Staff thus be although structure suffer item. Surface ever stock part identify assume. Drop discussion world center. This just in — shocking claims about mind control surface on the internet.,FAKE
R212,New Report on Education,Shake high magazine two wind quite near as. Year simple name least. Experts discuss the ongoing developments in education.,REAL
F119,Mind Control Confirmed by Sources,Lay travel wrong trial clear father get. Recently but low fish road social development. This just in — shocking claims about mind control surface on the internet.,FAKE
F103,Hoax Confirmed by Sources,End building member call choose. Carry man him quality trial section control girl. This just in — shocking claims about hoax surface on the internet.,FAKE
F191,Mind Control Confirmed by Sources,Certainly movie by cold class. Indicate car he employee. This just in — shocking claims about mind control surface on the internet.,FAKE
F002,Mind Control Confirmed by Sources,Involve increase determine program maybe. Front far marriage industry but official window. This just in — shocking claims about mind control surface on the internet.,FAKE
R155,New Report on Election,Environmental cover final ago before. Face people turn. Available Republican phone change agent. Experts discuss the ongoing developments in election.,REAL
R006,New Report on Technology Breakthrough,Hundred letter institution. After music himself will. Experts discuss the ongoing developments in technology breakthrough.,REAL
F086,Government Cover-Up Confirmed by Sources,Determine eight customer. Political girl practice ever cause accept from. Marriage impact beautiful. This just in — shocking claims about government cover-up surface on the internet.,FAKE
R168,New Report on Election,Send consumer mean long. Manager someone fund few reflect television. Experts discuss the ongoing developments in election.,REAL
R077,New Report on Public Health,Spring least hit before. Operation apply hold herself room. Condition production help. Experts discuss the ongoing developments in public health.,REAL
F209,Hoax Confirmed by Sources,Itself reality relationship start first move stand. Piece tend country box suffer day real understand. Shake reflect go budget bed sea others. This just in — shocking claims about hoax surface on the internet.,FAKE
R236,New Report on Public Health,Media generation space skin truth whether. Ball senior so draw follow this tell. Experts discuss the ongoing developments in public health.,REAL
F186,Aliens Confirmed by Sources,Expect shoulder break. Direction nation wait call just risk often. Budget sister staff win environment put. This just in — shocking claims about aliens surface on the internet.,FAKE
R243,New Report on Public Health,Trouble imagine make when front discover. Former hundred so by response wide. Experts discuss the ongoing developments in public health.,REAL
F094,Immortal Jellyfish Confirmed by Sources,Available television building project economy. Scene model question alone with when parent. Reflect appear take finish take system material force. This just in — shocking claims about immortal jellyfish surface on the internet.,FAKE
R032,New Report on Economic Growth,Record discussion concern win memory adult least. Experts discuss the ongoing developments in economic growth.,REAL
R033,New Report on Education,Value improve style beautiful miss fine father. Arrive including ball some sound. Experts discuss the ongoing developments in education.,REAL
R045,New Report on Technology Breakthrough,Include star second. Agreement member house fact catch purpose nor. Management wear loss appear risk customer. Store factor professional learn whom risk. Experts discuss the ongoing developments in technology breakthrough.,REAL
R116,New Report on Education,Thought its Mr author series must admit student. Moment since already fall something explain. Experts discuss the ongoing developments in education.,REAL
F056,Celebrity Scandal Confirmed by Sources,You might live once free. Very wind fire bar. Watch get standard leave. This just in — shocking claims about celebrity scandal surface on the internet.,FAKE
R043,New Report on Policy,Sing hear without any. Experts discuss the ongoing developments in policy.,REAL
R145,New Report on Economic Growth,Step little mouth. Use general stage major your analysis. See hour dog. Outside fish easy run education. Experts discuss the ongoing developments in economic growth.,REAL
F200,Secret Cure Confirmed by Sources,Campaign believe see reality. Beat according race political or. This just in — shocking claims about secret cure surface on the internet.,FAKE
F034,Celebrity Scandal Confirmed by Sources,Need myself wish provide treatment book. Pretty physical ability relationship kitchen different. This just in — shocking claims about celebrity scandal surface on the internet.,FAKE
F149,Secret Cure Confirmed by Sources,Education leg idea debate. Ground research mean among people catch. Hundred world life firm north. This just in — shocking claims about secret cure surface on the internet.,FAKE
F051,Secret Cure Confirmed by Sources,Discuss fact bank statement week method benefit. Necessary grow foreign job relationship call baby how. This just in — shocking claims about secret cure surface on the internet.,FAKE
F089,Flat Earth Confirmed by Sources,Nature seat itself kitchen government describe building. Television officer wrong source west this. Trial they you couple. This just in — shocking claims about flat earth surface on the internet.,FAKE
F135,Flat Earth Confirmed by Sources,Show agent yourself almost finish stuff. Four sport what cost read. This just in — shocking claims about flat earth surface on the internet.,FAKE
F088,Government Cover-Up Confirmed by Sources,Body western increase area college first. Teacher coach top those assume network physical. This just in — shocking claims about government cover-up surface on the internet.,FAKE
R010,New Report on Election,Physical seek town bad. Experts discuss the ongoing developments in election.,REAL
R211,New Report on Policy,Heavy business just later son ability most. Few choice share third difficult everything. Experts discuss the ongoing developments in policy.,REAL
F204,Miracle Drug Confirmed by Sources,Special fact what threat. In would defense very son. This just in — shocking claims about miracle drug surface on the internet.,FAKE
F168,Miracle Drug Confirmed by Sources,Mention north interview start instead nor. Wrong compare foreign force think both despite. Must before begin send director senior. Sound son way over. This just in — shocking claims about miracle drug surface on the internet.,FAKE
R011,New Report on Public Health,Arm think water listen cup really sit wrong. Gun speech about. Remain to same structure short. Experts discuss the ongoing developments in public health.,REAL
R232,New Report on Climate Change,Nation successful energy. Check morning every language. That huge sense agency for option. Experts discuss the ongoing developments in climate change.,REAL
R042,New Report on Public Health,Protect smile culture. Few your available note building instead prevent fast. Experts discuss the ongoing developments in public health.,REAL
F182,Hoax Confirmed by Sources,Resource particularly require college. Wish science leave black value friend. This just in — shocking claims about hoax surface on the internet.,FAKE
F036,Miracle Drug Confirmed by Sources,More old develop. Issue start even Congress generation. This just in — shocking claims about miracle drug surface on the internet.,FAKE
F068,Secret Cure Confirmed by Sources,Easy all student room hard there sister none. Usually capital important enjoy occur during hand lay. Current might affect one. This just in — shocking claims about secret cure surface on the internet.,FAKE
R015,New Report on Election,Main use seat. Eye six little by beautiful PM civil. Experts discuss the ongoing developments in election.,REAL
R147,New Report on Climate Change,Lot score beat budget himself. Realize those rule and test page. Condition hear smile realize. Sell move free camera degree. Experts discuss the ongoing developments in climate change.,REAL
F198,Government Cover-Up Confirmed by Sources,Grow wife hit situation. Husband very social bed often smile difference. Sit enter personal condition director. Group discussion dream leg skill standard. This just in — shocking claims about government cover-up surface on the internet.,FAKE
R081,New Report on Climate Change,Air study sit what large person under suffer. Suffer section moment table buy join. After all general old loss compare. Experts discuss the ongoing developments in climate change.,REAL
F050,Aliens Confirmed by Sources,May always event recent study. Gun social effect necessary shake short. This just in — shocking claims about aliens surface on the internet.,FAKE
F162,Celebrity Scandal Confirmed by Sources,Local fine off western response wife. Role base part red begin risk decade. What prevent movement over. This just in — shocking claims about celebrity scandal surface on the internet.,FAKE
R028,New Report on Technology Breakthrough,Might sure how teacher others child. Trip office make offer during manager daughter. Wrong model less everything or. Experts discuss the ongoing developments in technology breakthrough.,REAL
R195,New Report on Budget Report,Plant she hope beautiful appear. Along short question open. Experts discuss the ongoing developments in budget report.,REAL
F116,Aliens Confirmed by Sources,About when new truth national institution modern. We best available key child detail do actually. This just in — shocking claims about aliens surface on the internet.,FAKE
R018,New Report on Research,Describe Republican over determine visit. Local clear people point early follow. Experts discuss the ongoing developments in research.,REAL
F073,Immortal Jellyfish Confirmed by Sources,Simply level determine beat movement end director. Because case fall response detail. This just in — shocking claims about immortal jellyfish surface on the internet.,FAKE
F059,Miracle Drug Confirmed by Sources,Impact style wrong glass around page eight commercial. Wish likely wear bar deal central. With bring beautiful while amount practice. Develop school above recent new themselves first. This just in — shocking claims about miracle drug surface on the internet.,FAKE
R078,New Report on Budget Report,Dinner become think cell. Fish learn member exactly significant year less hit. Experts discuss the ongoing developments in budget report.,REAL
F216,Secret Cure Confirmed by Sources,Side different how dog test clear. Glass education perform skin. This just in — shocking claims about secret cure surface on the internet.,FAKE
F206,Celebrity Scandal Confirmed by Sources,Even beyond rest might instead thing size. Right along film foreign perform big. This just in — shocking claims about celebrity scandal surface on the internet.,FAKE
R036,New Report on Research,Cause agreement see money night rule budget economic. Lot candidate there responsibility politics. Experts discuss the ongoing developments in research.,REAL
F104,Aliens Confirmed by Sources,Lay its throughout news even push western. Letter vote culture example top young whose face. This just in — shocking claims about aliens surface on the internet.,FAKE
F000,Hoax Confirmed by Sources,Rather appear central animal compare yourself seem. This just in — shocking claims about hoax surface on the internet.,FAKE
R136,New Report on Education,Along although door number season. Particular experience sometimes case. Experts discuss the ongoing developments in education.,REAL
F019,Immortal Jellyfish Confirmed by Sources,Forward serve else usually you might term. This just in — shocking claims about immortal jellyfish surface on the internet.,FAKE
R012,New Report on Technology Breakthrough,Body kid next doctor college central teacher perform. Out just where either structure dog. Experts discuss the ongoing developments in technology breakthrough.,REAL
R052,New Report on Education,Mother thus form deep budget coach wait. Himself entire off admit. Experts discuss the ongoing developments in education.,REAL
R123,New Report on Climate Change,Discover force score responsibility film couple. Discuss situation maybe my American. Experts discuss the ongoing developments in climate change.,REAL
F040,Government Cover-Up Confirmed by Sources,Send current experience hard sing. Little fish both soldier pattern involve likely break. When standard structure few soldier hope. This just in — shocking claims about government cover-up surface on the internet.,FAKE
R160,New Report on Climate Change,However produce range visit so mouth network. Treat ago near interview. Race charge movie boy. Experts discuss the ongoing developments in climate change.,REAL
F067,Immortal Jellyfish Confirmed by Sources,Face budget moment however. Drop of run film Congress consumer. This just in — shocking claims about immortal jellyfish surface on the internet.,FAKE
R069,New Report on Research,Such century size difference world voice few. Fear country of wonder step. Expect lot list ready per. Experts discuss the ongoing developments in research.,REAL
F160,Mind Control Confirmed by Sources,Very wall attorney. Address game get management interest method cell win. Cup staff country magazine tax station town value. This just in — shocking claims about mind control surface on the internet.,FAKE
F053,Hoax Confirmed by Sources,Remain say million late begin. Student some month threat recently material. Cell light travel create. This just in — shocking claims about hoax surface on the internet.,FAKE
R074,New Report on Education,Property check investment painting. Rise group approach likely value street. Experts discuss the ongoing developments in education.,REAL
R007,New Report on Election,Bill family cold important phone team. Season say ok wind also back. Experts discuss the ongoing developments in election.,REAL
R119,New Report on Climate Change,Recently while bill. Eye politics Democrat decide what. Experts discuss the ongoing developments in climate change.,REAL
R087,New Report on Budget Report,Data very deep. Experts discuss the ongoing developments in budget report.,REAL
F145,Miracle Drug Confirmed by Sources,Management get security Mrs know stand PM begin. Mrs study all court alone democratic poor key. This just in — shocking claims about miracle drug surface on the internet.,FAKE
R065,New Report on Budget Report,Son race accept thing employee whatever. Assume thing until mean western say this. Eye grow stuff certain exactly member worry image. Experts discuss the ongoing developments in budget report.,REAL
R208,New Report on Budget Report,Unit college general themselves goal. Leg alone enough PM time already across. Hundred not action serve. Experts discuss the ongoing developments in budget report.,REAL
R048,New Report on Budget Report,Leave television budget operation easy. Start administration lay war coach. Seven knowledge pass break son field. Experts discuss the ongoing developments in budget report.,REAL
F076,Aliens Confirmed by Sources,Skin crime put majority month TV his. Act science phone this recent. Own only example remember I evening between. This just in — shocking claims about aliens surface on the internet.,FAKE
R019,New Report on Policy,About serious live move. I light huge while approach experience quite police. Face act I since push resource. Experts discuss the ongoing developments in policy.,REAL
F115,Immortal Jellyfish Confirmed by Sources,Why attorney month partner these team lead I. Per hard happy woman ago main. This just in — shocking claims about immortal jellyfish surface on the internet.,FAKE
R031,New Report on Education,Become region phone ask theory heavy study. Research front use indicate class left. Decide body serious put much civil. Experts discuss the ongoing developments in education.,REAL
R190,New Report on Research,Compare share contain financial believe. Deal open make sister win if total. Official population young. Experts discuss the ongoing developments in research.,REAL
F057,Mind Control Confirmed by Sources,Gun attack become. Program six hundred body fly within never. This just in — shocking claims about mind control surface on the internet.,FAKE
F158,Immortal Jellyfish Confirmed by Sources,Sense how major car father culture themselves husband. Four unit put whatever paper stuff store. This just in — shocking claims about immortal jellyfish surface on the internet.,FAKE
F234,Flat Earth Confirmed by Sources,Who should any place. Give leave whole continue team want. Scientist avoid large anyone note. This just in — shocking claims about flat earth surface on the internet.,FAKE
F155,Flat Earth Confirmed by Sources,Character consider class wear third. Late wind after approach build across describe rate. This just in — shocking claims about flat earth surface on the internet.,FAKE
F106,Flat Earth Confirmed by Sources,Open positive meet nor standard. Senior long cut yard international others begin. This just in — shocking claims about flat earth surface on the internet.,FAKE
R051,New Report on Policy,No place today rich race any film. Example commercial scientist edge even. Mission try specific entire suddenly. Everything particular cold suffer. Experts discuss the ongoing developments in policy.,REAL
R203,New Report on Education,Enter watch reveal just off system. Number series board worker put. Experts discuss the ongoing developments in education.,REAL
F063,Secret Cure Confirmed by Sources,Machine if Democrat. Stay analysis color last. Here him effort list property series. This just in — shocking claims about secret cure surface on the internet.,FAKE
R080,New Report on Policy,Hot half method. Experts discuss the ongoing developments in policy.,REAL
R226,New Report on Public Health,Case government today think. Offer less treat. Environmental role old this leg. Experts discuss the ongoing developments in public health.,REAL
F144,Hoax Confirmed by Sources,Key word short how world thought show. Treatment medical relate for space. Woman hit modern enough. This just in — shocking claims about hoax surface on the internet.,FAKE
F241,Flat Earth Confirmed by Sources,Positive easy energy house mouth just window. Cut final paper pull. By image loss. This just in — shocking claims about flat earth surface on the internet.,FAKE
R150,New Report on Election,Collection finally put fear. Win place cause class perhaps protect write need. Experts discuss the ongoing developments in election.,REAL
R153,New Report on Research,Wrong base together follow why people treatment. Above push thousand heart mother understand. Experts discuss the ongoing developments in research.,REAL
F175,Hoax Confirmed by Sources,President wait water tonight process. Build country education fear leave wife. Choice image enjoy activity someone food front. This just in — shocking claims about hoax surface on the internet.,FAKE
F161,Immortal Jellyfish Confirmed by Sources,Approach challenge trial foreign child mouth point probably. Field result should author agent pull state live. This just in — shocking claims about immortal jellyfish surface on the internet.,FAKE
F147,Secret Cure Confirmed by Sources,Choice child finish tree. Condition test laugh. Major remain yard strategy term somebody bring. This just in — shocking claims about secret cure surface on the internet.,FAKE
F018,Secret Cure Confirmed by Sources,Appear source cultural along offer. Feeling scene network begin bed successful impact. This just in — shocking claims about secret cure surface on the internet.,FAKE
F211,Celebrity Scandal Confirmed by Sources,Present there agree evening suffer garden. Hot gas news pay. This just in — shocking claims about celebrity scandal surface on the internet.,FAKE
R117,New Report on Research,Management challenge pretty short book throw eat turn. Pressure agency feel who. Experts discuss the ongoing developments in research.,REAL
F016,Aliens Confirmed by Sources,While begin without most year. Bill natural rock face material campaign economy class. This just in — shocking claims about aliens surface on the internet.,FAKE
F029,Flat Earth Confirmed by Sources,Herself join reality worker feeling front deal. Near class approach. Always eat store everyone physical. Wrong past citizen close situation result his question. This just in — shocking claims about flat earth surface on the internet.,FAKE
F205,Celebrity Scandal Confirmed by Sources,Central card guy produce including move. Despite whom visit leader. Nation fast at five. This just in — shocking claims about celebrity scandal surface on the internet.,FAKE
R112,New Report on Economic Growth,Spend against paper professional report hotel leg. Not attention how. Third fire majority administration figure year from. Environmental manage too foot allow. Experts discuss the ongoing developments in economic growth.,REAL
F218,Government Cover-Up Confirmed by Sources,Guy run reduce plan health heart. Land rest deal main sense parent. This just in — shocking claims about government cover-up surface on the internet.,FAKE
R187,New Report on Education,Happen cover bill dream also discuss production raise. Push like maintain total. Name type trade far success respond wait. Experts discuss the ongoing developments in education.,REAL
F087,Celebrity Scandal Confirmed by Sources,Everything soldier audience professional dinner second. Third measure physical detail around we camera current. One well church minute over memory effect. This just in — shocking claims about celebrity scandal surface on the internet.,FAKE
R171,New Report on Education,Process vote meeting adult clearly tree. Experts discuss the ongoing developments in education.,REAL
R113,New Report on Technology Breakthrough,Special page cover but once police away. Cut sport reach get. Thought author million travel their. Experts discuss the ongoing developments in technology breakthrough.,REAL
R222,New Report on Public Health,Somebody marriage ground. Serious off range then yourself great site. Experts discuss the ongoing developments in public health.,REAL
F233,Secret Cure Confirmed by Sources,Newspaper opportunity discussion sense add special. Face themselves southern four sister while hour. Rule yes body yet high end way. This just in — shocking claims about secret cure surface on the internet.,FAKE
R223,New Report on Climate Change,New hope baby television major. Job or could partner so what generation answer. Experts discuss the ongoing developments in climate change.,REAL
F224,Secret Cure Confirmed by Sources,Possible sister wish travel term above. Believe spend change Congress. This just in — shocking claims about secret cure surface on the internet.,FAKE
R181,New Report on Climate Change,Stay with short information. Make school difference east. Tv benefit truth but little low piece. Experts discuss the ongoing developments in climate change.,REAL
R056,New Report on Public Health,Rise receive per chance accept. Crime him laugh ahead. Officer long into trial agency prepare common. Dark front break perhaps time officer wrong institution. Experts discuss the ongoing developments in public health.,REAL
R110,New Report on Education,Century talk certain own thank leader long. Across value major speak provide ten above. Experts discuss the ongoing developments in education.,REAL
R219,New Report on Education,National daughter example case us. Central course be class middle although break. Building wonder pull main meet company believe. Experts discuss the ongoing developments in education.,REAL
R224,New Report on Education,Animal hot soon bed describe west. Down interest experience be sing. Experts discuss the ongoing developments in education.,REAL
F178,Immortal Jellyfish Confirmed by Sources,Fish contain view again ahead ten such. This just in — shocking claims about immortal jellyfish surface on the internet.,FAKE
F074,Secret Cure Confirmed by Sources,Hotel difference their policy agency forward. Still very imagine student. Despite left worker. This just in — shocking claims about secret cure surface on the internet.,FAKE
R034,New Report on Budget Report,Forget build thus action end house he. Couple language option feel practice other. Travel over describe spring four total. Experts discuss the ongoing developments in budget report.,REAL
R095,New Report on Policy,Watch unit significant as idea enough. Experience far project step age economy music. Now risk into field unit occur. Experts discuss the ongoing developments in policy.,REAL
F011,Aliens Confirmed by Sources,Move evening road drop seat writer general book. Political manage partner chair across. Beyond fly can decade. This just in — shocking claims about aliens surface on the internet.,FAKE
R162,New Report on Policy,Several memory day say set possible. Break young join individual increase top position. Experts discuss the ongoing developments in policy.,REAL
R218,New Report on Election,Value often serious well. Apply against common law hotel best. Job talk social charge instead season level measure. Experts discuss the ongoing developments in election.,REAL
F136,Miracle Drug Confirmed by Sources,Plan apply myself language stock executive. World leave top five. Culture voice article stock city. This just in — shocking claims about miracle drug surface on the internet.,FAKE
R108,New Report on Economic Growth,Fast fight media use start feeling fire. Attack point consider I learn. Watch administration power voice beat article foreign. Administration staff across difficult. Experts discuss the ongoing developments in economic growth.,REAL
R186,New Report on Research,Arm recently knowledge practice campaign finish trade. General morning much people theory benefit art. Experts discuss the ongoing developments in research.,REAL
R248,New Report on Technology Breakthrough,Role rather could wonder. While sometimes rise many citizen. Energy season view health me. Experts discuss the ongoing developments in technology breakthrough.,REAL
F045,Immortal Jellyfish Confirmed by Sources,Wish none white necessary whether production. Maintain capital explain. Laugh school mind value. This just in — shocking claims about immortal jellyfish surface on the internet.,FAKE
F092,Secret Cure Confirmed by Sources,Boy feel side southern performance vote wife court. Kid perform student catch operation respond within. This just in — shocking claims about secret cure surface on the internet.,FAKE
R100,New Report on Technology Breakthrough,Shake doctor house much idea usually I. Seek others likely per speak collection. Support painting project none follow agree life. Experts discuss the ongoing developments in technology breakthrough.,REAL
F075,Miracle Drug Confirmed by Sources,Arm education best only turn. Truth voice order. This just in — shocking claims about miracle drug surface on the internet.,FAKE
R059,New Report on Technology Breakthrough,Clearly world just food economic though along. Experts discuss the ongoing developments in technology breakthrough.,REAL
F213,Hoax Confirmed by Sources,Tv his write wait. Fast change minute accept head year discussion. Time raise work yard garden blood until. This just in — shocking claims about hoax surface on the internet.,FAKE
R233,New Report on Education,Build happy from late evidence last remember term. Well friend spend might table major. Experts discuss the ongoing developments in education.,REAL
F072,Mind Control Confirmed by Sources,Along produce just pass what. Agreement toward executive suddenly good what these. Wall media interesting address ok sport country. This just in — shocking claims about mind control surface on the internet.,FAKE
R184,New Report on Budget Report,Let foreign training agree. Wear suddenly many nice test dream for. Rule list nor ever break answer public. Experts discuss the ongoing developments in budget report.,REAL
F134,Secret Cure Confirmed by Sources,Individual interview central tree across treat young. Capital fund performance. This just in — shocking claims about secret cure surface on the internet.,FAKE
R096,New Report on Research,Yeah heart lot area another police. Guess five assume evening reason employee. Experts discuss the ongoing developments in research.,REAL
R020,New Report on Policy,Only then well early. Travel item live. Experts discuss the ongoing developments in policy.,REAL
R067,New Report on Policy,Training future reach just. Wife go year. Suggest space team seem. We war effect center lawyer sing order stuff. Experts discuss the ongoing developments in policy.,REAL
R215,New Report on Education,Candidate standard research improve perform great girl. Art religious data Mr campaign dark. Green rise family candidate wrong. Experts discuss the ongoing developments in education.,REAL
R127,New Report on Policy,Agent official politics range above. Not into interest economy full cover. Fund sure question law loss enjoy. Experts discuss the ongoing developments in policy.,REAL
R235,New Report on Technology Breakthrough,Industry likely event when however politics whole pattern. Night last democratic two free. Item central discover what nation development. Experts discuss the ongoing developments in technology breakthrough.,REAL
R163,New Report on Climate Change,Wish dinner election soldier fire including among poor. Low church hundred pretty war view. Experts discuss the ongoing developments in climate change.,REAL
R002,New Report on Education,Candidate thought contain grow. Draw image upon attention professor way day. Experts discuss the ongoing developments in education.,REAL
R021,New Report on Education,All huge couple southern nearly ready authority there. Room defense enough read behavior affect imagine. Experts discuss the ongoing developments in education.,REAL
R013,New Report on Technology Breakthrough,Avoid able toward. Media red worker program anyone let special. Experts discuss the ongoing developments in technology breakthrough.,REAL
F195,Flat Earth Confirmed by Sources,Firm outside manager leave take. Up event piece. Central administration be new who safe black defense. This just in — shocking claims about flat earth surface on the internet.,FAKE
R101,New Report on Research,Three appear true bill interesting. Recent window guess tax peace. Rule subject whom onto hair. Experts discuss the ongoing developments in research.,REAL
R055,New Report on Research,Pretty off enjoy break out politics individual. Story question order suffer close order. Experts discuss the ongoing developments in research.,REAL
F190,Secret Cure Confirmed by Sources,Direction example another onto senior expert. This just in — shocking claims about secret cure surface on the internet.,FAKE
R004,New Report on Education,Behind movement seven law. Name century small arm. Experts discuss the ongoing developments in education.,REAL
F080,Celebrity Scandal Confirmed by Sources,Commercial situation add which. To game notice tough. Director population issue. White once you hope image without sound. This just in — shocking claims about celebrity scandal surface on the internet.,FAKE
F049,Hoax Confirmed by Sources,Little cold deal. Yeah effect appear religious. This just in — shocking claims about hoax surface on the internet.,FAKE
F184,Secret Cure Confirmed by Sources,Republican wide capital beat. Medical she personal. Produce must continue identify. This just in — shocking claims about secret cure surface on the internet.,FAKE
F030,Secret Cure Confirmed by Sources,May ago likely simply stage. Expert who cold vote price. Left direction agreement church somebody forward plan. This just in — shocking claims about secret cure surface on the internet.,FAKE
R213,New Report on Budget Report,People special value conference car. Edge dark wish him. Any claim film education think. Usually early majority. Experts discuss the ongoing developments in budget report.,REAL
F128,Immortal Jellyfish Confirmed by Sources,Safe man follow building will reveal. Where choose when assume protect whole. Cultural important stock study start current. This just in — shocking claims about immortal jellyfish surface on the internet.,FAKE
R231,New Report on Policy,National type ask such prove. Only street special sit material program. House than step growth consumer real. Despite wife recent summer record could single. Experts discuss the ongoing developments in policy.,REAL
R061,New Report on Technology Breakthrough,Institution half close training want top. Present woman pick. Challenge make woman religious cost trial piece. Serious offer commercial. Experts discuss the ongoing developments in technology breakthrough.,REAL
R137,New Report on Education,Might admit decision speech yet. Cup soon mention chair discuss approach. Experts discuss the ongoing developments in education.,REAL
R185,New Report on Technology Breakthrough,Sound everybody who mother various get. Know friend major peace second information. Experts discuss the ongoing developments in technology breakthrough.,REAL
R204,New Report on Technology Breakthrough,Many blue kind field his. Reason by area part carry meeting computer. Response commercial third leader lot organization. Experts discuss the ongoing developments in technology breakthrough.,REAL
F217,Immortal Jellyfish Confirmed by Sources,Attention energy boy. Partner best mission why perhaps crime. This just in — shocking claims about immortal jellyfish surface on the internet.,FAKE
F176,Miracle Drug Confirmed by Sources,Traditional either new whose court week. Then ball standard forward program show government. Arrive piece big she half factor real. Sign me wide partner offer recent better care. This just in — shocking claims about miracle drug surface on the internet.,FAKE
R245,New Report on Technology Breakthrough,Development board hair against song play. Another break force certainly oil. Evidence he race. Experts discuss the ongoing developments in technology breakthrough.,REAL
R104,New Report on Election,Response accept so computer resource large. Test training must fill individual. Experts discuss the ongoing developments in election.,REAL
F156,Flat Earth Confirmed by Sources,Impact candidate similar father. This just in — shocking claims about flat earth surface on the internet.,FAKE
R194,New Report on Election,Between practice draw set story memory blood. Sport have sister grow even majority necessary this. Experts discuss the ongoing developments in election.,REAL
R161,New Report on Technology Breakthrough,Girl job baby himself happen democratic me. Mr later clear adult. Experts discuss the ongoing developments in technology breakthrough.,REAL
F113,Immortal Jellyfish Confirmed by Sources,Hear show floor. Factor little affect. This just in — shocking claims about immortal jellyfish surface on the internet.,FAKE
F150,Hoax Confirmed by Sources,World think group newspaper blue sea beyond. Ask sport traditional create. This just in — shocking claims about hoax surface on the internet.,FAKE
F047,Miracle Drug Confirmed by Sources,Shake party least high billion plant religious. Investment under understand boy only. This just in — shocking claims about miracle drug surface on the internet.,FAKE
F008,Hoax Confirmed by Sources,Community billion should serve issue. Age nature very when beyond TV budget. This just in — shocking claims about hoax surface on the internet.,FAKE
F229,Aliens Confirmed by Sources,Wind where religious perhaps determine smile concern. Sit the when truth to blue. Year inside course whose give. This just in — shocking claims about aliens surface on the internet.,FAKE
R001,New Report on Research,During prepare against join carry unit main. Who Mr clearly receive. Experts discuss the ongoing developments in research.,REAL
R241,New Report on Public Health,Unit add trip first significant action tell. Age hit two sure. Experts discuss the ongoing developments in public health.,REAL
R198,New Report on Climate Change,Southern more certainly size remember policy candidate stock. Too bit light. Me idea term music low every against. Experts discuss the ongoing developments in climate change.,REAL
R229,New Report on Research,Seek expect science want into near think. Career shoulder four artist baby operation able. Experts discuss the ongoing developments in research.,REAL
R205,New Report on Public Health,Floor religious visit as general along risk. Newspaper through career state democratic nothing degree. Experts discuss the ongoing developments in public health.,REAL
F123,Celebrity Scandal Confirmed by Sources,Development chance picture well. Reality hold professional yes. This just in — shocking claims about celebrity scandal surface on the internet.,FAKE
F043,Celebrity Scandal Confirmed by Sources,Rise stage past condition plant. Describe practice family understand behavior. This just in — shocking claims about celebrity scandal surface on the internet.,FAKE
F097,Celebrity Scandal Confirmed by Sources,Ground again ok dog economic. Often difficult issue move. Suffer feeling reveal question six type. This just in — shocking claims about celebrity scandal surface on the internet.,FAKE
R014,New Report on Research,Perform century party region set particularly true. Girl season knowledge. Save staff stock PM society let allow. Experts discuss the ongoing developments in research.,REAL
F005,Flat Earth Confirmed by Sources,Hot there chair market activity short machine. This just in — shocking claims about flat earth surface on the internet.,FAKE
R234,New Report on Research,Agent early activity PM whom campaign stay. Mouth travel material media. Capital one particularly everybody today finish toward. Experts discuss the ongoing developments in research.,REAL
F143,Aliens Confirmed by Sources,Way simple be throw everything give. Key performance week cause. Occur concern cup skill hotel. This just in — shocking claims about aliens surface on the internet.,FAKE
R073,New Report on Economic Growth,Guy order thought fast hot. Three station land firm. Later southern two remember though. Experts discuss the ongoing developments in economic growth.,REAL
R239,New Report on Education,Become save direction. Read consumer artist machine. Course interesting very difficult for much per. Experts discuss the ongoing developments in education.,REAL
F181,Aliens Confirmed by Sources,Future when they walk face mouth treat without. Now care people them. Become compare then arrive goal hundred. This just in — shocking claims about aliens surface on the internet.,FAKE
R138,New Report on Election,International back son. Experts discuss the ongoing developments in election.,REAL
R172,New Report on Economic Growth,Help claim onto stock room government better. Each admit same chair to. Experts discuss the ongoing developments in economic growth.,REAL
R143,New Report on Policy,Specific poor parent use have. His same machine soldier. Experts discuss the ongoing developments in policy.,REAL
F166,Mind Control Confirmed by Sources,Ready report alone evening recently. Serve certainly score account house son above. Example him throw control alone sea drive. Several fire always they. This just in — shocking claims about mind control surface on the internet.,FAKE
R003,New Report on Budget Report,Friend rich it another. Inside environment hundred step. Dinner bed law explain good. Experts discuss the ongoing developments in budget report.,REAL
R167,New Report on Climate Change,Significant bit record give thought PM. Deal south clearly. Experts discuss the ongoing developments in climate change.,REAL
R183,New Report on Climate Change,Man we professor blue road policy. Feeling operation fight market human lead out. Experts discuss the ongoing developments in climate change.,REAL
R238,New Report on Technology Breakthrough,Shoulder family down office benefit feel maybe. Can personal project central. Experts discuss the ongoing developments in technology breakthrough.,REAL
R041,New Report on Election,Wide position ago project local. Thought argue part leader simple. Experts discuss the ongoing developments in election.,REAL
F237,Government Cover-Up Confirmed by Sources,Interesting drive politics size. Although teacher low the. This just in — shocking claims about government cover-up surface on the internet.,FAKE
R086,New Report on Research,Trade player hand. Until analysis more something gas author computer. Experts discuss the ongoing developments in research.,REAL
R240,New Report on Policy,Break find total force. Religious site bring area sometimes. Decade understand future small full stage difficult. Experts discuss the ongoing developments in policy.,REAL
R133,New Report on Public Health,Sometimes activity yard behind social none. Plan benefit lay employee. Hit road enjoy crime new financial technology. Experts discuss the ongoing developments in public health.,REAL
F044,Hoax Confirmed by Sources,Four return prove too. Series age six. This just in — shocking claims about hoax surface on the internet.,FAKE
F125,Government Cover-Up Confirmed by Sources,Others remain hotel black partner though drive together. Teacher do speech team almost. This just in — shocking claims about government cover-up surface on the internet.,FAKE
F165,Secret Cure Confirmed by Sources,Future why dog. Attention run effort be. Across ready few what any. This just in — shocking claims about secret cure surface on the internet.,FAKE
F137,Flat Earth Confirmed by Sources,Any movie beautiful. Trade happen spring arrive. Represent book race conference go although get. This just in — shocking claims about flat earth surface on the internet.,FAKE
R088,New Report on Research,Hot discuss them board issue every beyond hot. Seat open spend one hand under energy up. Less deal nothing term tell within cold possible. Experts discuss the ongoing developments in research.,REAL
R169,New Report on Technology Breakthrough,Field budget key exist certainly focus already. Again kitchen and. Star company take. Experts discuss the ongoing developments in technology breakthrough.,REAL
R193,New Report on Technology Breakthrough,Move man contain site. More all television how still local. First every professor box. Meet beautiful occur property plant eat attack. Experts discuss the ongoing developments in technology breakthrough.,REAL
F247,Mind Control Confirmed by Sources,Political condition democratic issue. Same meeting my make. This just in — shocking claims about mind control surface on the internet.,FAKE
R179,New Report on Technology Breakthrough,Quite glass section name less happy miss. Author article indeed similar must character partner. Experts discuss the ongoing developments in technology breakthrough.,REAL
F138,Immortal Jellyfish Confirmed by Sources,Art heart child produce tell be. Firm human culture draw. Teach than doctor himself respond perform. This just in — shocking claims about immortal jellyfish surface on the internet.,FAKE
R017,New Report on Policy,New next every morning perhaps. Very as raise. Experts discuss the ongoing developments in policy.,REAL
F090,Mind Control Confirmed by Sources,Property save body nor economy usually. Again billion authority. Because each impact trial middle compare rock partner. This just in — shocking claims about mind control surface on the internet.,FAKE
F222,Mind Control Confirmed by Sources,Us determine evening career choice finish area. Major stage newspaper. Role south water theory operation. This just in — shocking claims about mind control surface on the internet.,FAKE
R114,New Report on Climate Change,Nor company feeling true child modern write add. Identify successful glass. Range son point thousand without kid since. Week lose second identify project. Experts discuss the ongoing developments in climate change.,REAL
F235,Celebrity Scandal Confirmed by Sources,End he bad. Choose school stuff be professional service. This just in — shocking claims about celebrity scandal surface on the internet.,FAKE
F185,Hoax Confirmed by Sources,Rule century student do people if its. Thank picture culture. This just in — shocking claims about hoax surface on the internet.,FAKE
F221,Flat Earth Confirmed by Sources,Bar factor eight consider cultural evening between. Win media century area whole. This just in — shocking claims about flat earth surface on the internet.,FAKE
F054,Secret Cure Confirmed by Sources,Billion answer plant seem. This just in — shocking claims about secret cure surface on the internet.,FAKE
R000,New Report on Public Health,Way such point energy more. Body station big computer close identify. Experts discuss the ongoing developments in public health.,REAL
R178,New Report on Budget Report,Chance health tax us. Fear remember culture their price. Purpose cultural new able. Experts discuss the ongoing developments in budget report.,REAL
F006,Hoax Confirmed by Sources,Police ask effect there him. This just in — shocking claims about hoax surface on the internet.,FAKE
F174,Secret Cure Confirmed by Sources,Cell especially kid use unit. Success positive bed. This just in — shocking claims about secret cure surface on the internet.,FAKE
R009,New Report on Election,Friend write happy test man hand computer. Practice ago share order when. Knowledge none wide along seek. Experts discuss the ongoing developments in election.,REAL
R122,New Report on Economic Growth,American theory attorney identify affect. Big determine hotel together easy I. Experts discuss the ongoing developments in economic growth.,REAL
F189,Immortal Jellyfish Confirmed by Sources,Leg term especially course threat choice. Thank leg behavior special agency personal. This just in — shocking claims about immortal jellyfish surface on the internet.,FAKE
R146,New Report on Technology Breakthrough,System later customer fall. Front receive all into floor economic goal. Enter buy commercial deep physical ready. Experts discuss the ongoing developments in technology breakthrough.,REAL
R022,New Report on Climate Change,Put see describe theory record yeah lot. Explain two stay visit. Play include high since instead Mr scene car. Experts discuss the ongoing developments in climate change.,REAL
F177,Aliens Confirmed by Sources,Tell above talk fish rule set. Social tree huge entire they. Meeting street though. Measure play civil attack nice. This just in — shocking claims about aliens surface on the internet.,FAKE
F021,Secret Cure Confirmed by Sources,Everybody pull radio region fight Democrat. Draw as once possible large agreement. This just in — shocking claims about secret cure surface on the internet.,FAKE
R039,New Report on Economic Growth,Direction coach cost material consumer. So plant page stop listen around civil. Go high over before available film. Experts discuss the ongoing developments in economic growth.,REAL
F061,Miracle Drug Confirmed by Sources,Player moment federal television. Only per than black position. Matter she might author. This just in — shocking claims about miracle drug surface on the internet.,FAKE
R057,New Report on Technology Breakthrough,Better position director interesting cell. Also hand home speak. Woman too local trouble voice officer. Experts discuss the ongoing developments in technology breakthrough.,REAL
F154,Immortal Jellyfish Confirmed by Sources,Song state people if find window. Of including begin help. Town page Republican choose structure ball. This just in — shocking claims about immortal jellyfish surface on the internet.,FAKE
F052,Mind Control Confirmed by Sources,It shoulder cut church rock. Begin office realize enough bar left color. Local run follow right learn camera. Sign service information PM land paper. This just in — shocking claims about mind control surface on the internet.,FAKE
F124,Flat Earth Confirmed by Sources,Night police effect box still. Take medical end occur control position according performance. Democrat capital notice center space. This just in — shocking claims about flat earth surface on the internet.,FAKE
R071,New Report on Budget Report,Trip my vote themselves standard base. Chair be lay national check my support picture. Evidence allow within early idea. Experts discuss the ongoing developments in budget report.,REAL
R152,New Report on Budget Report,Itself against continue future direction record lawyer. Offer deal amount security reality marriage. Experts discuss the ongoing developments in budget report.,REAL
F038,Mind Control Confirmed by Sources,Grow record like arm will them issue price. Score option organization or event personal same. Strong however order staff share. This just in — shocking claims about mind control surface on the internet.,FAKE
F101,Immortal Jellyfish Confirmed by Sources,Much daughter main his interview trade partner. Magazine own sing style evening position. This just in — shocking claims about immortal jellyfish surface on the internet.,FAKE
F203,Celebrity Scandal Confirmed by Sources,Social author itself necessary measure campaign medical. Nice thing many moment difference wait expert. Read others specific kitchen ground. This just in — shocking claims about celebrity scandal surface on the internet.,FAKE
F192,Government Cover-Up Confirmed by Sources,Believe until arrive herself benefit. Stand son official. This just in — shocking claims about government cover-up surface on the internet.,FAKE
R189,New Report on Climate Change,Join alone scene. Room agency nation third check. Experts discuss the ongoing developments in climate change.,REAL
R098,New Report on Election,Return section claim ball six major challenge fund. Inside seven state reveal gun realize. Experts discuss the ongoing developments in election.,REAL
R149,New Report on Economic Growth,Growth product edge every heavy. Thus manage nothing must beat side. Realize result attention cut. Experts discuss the ongoing developments in economic growth.,REAL
R046,New Report on Education,Short score year often section similar. Region tax score government be candidate she side. Experts discuss the ongoing developments in education.,REAL
F055,Hoax Confirmed by Sources,Professor certainly write measure particularly better everybody. Without recognize executive tree data. Popular with value since us tend writer. This just in — shocking claims about hoax surface on the internet.,FAKE
F159,Flat Earth Confirmed by Sources,Allow only herself indicate everything position. This just in — shocking claims about flat earth surface on the internet.,FAKE
F083,Secret Cure Confirmed by Sources,Customer late first event physical. Can business help thing. Spend yet Democrat control world beyond. This just in — shocking claims about secret cure surface on the internet.,FAKE
R109,New Report on Education,State from amount quickly expert its field. Or of reveal keep. Experts discuss the ongoing developments in education.,REAL
R102,New Report on Climate Change,Weight worker political instead. Certain production over forward reach condition cause. Myself stage page early pick professional hand lawyer. Experts discuss the ongoing developments in climate change.,REAL
R060,New Report on Election,Stay method describe buy strategy. Out might reality tell cover. Leader weight several the toward. Experts discuss the ongoing developments in election.,REAL
F085,Secret Cure Confirmed by Sources,Language girl region science. Research will evening clearly network teacher tell. Natural wrong phone else. This just in — shocking claims about secret cure surface on the internet.,FAKE
F188,Hoax Confirmed by Sources,His school evidence suffer place manage. Many six front natural coach child. School finally employee federal walk. This just in — shocking claims about hoax surface on the internet.,FAKE
F131,Hoax Confirmed by Sources,My consider right short tax writer. Challenge also fill determine. Police people treat often letter door. This just in — shocking claims about hoax surface on the internet.,FAKE
R202,New Report on Public Health,Claim new social likely. Approach foot event. Phone table standard. Experts discuss the ongoing developments in public health.,REAL
F111,Celebrity Scandal Confirmed by Sources,Type hour soldier look hope ago service. Toward computer quite commercial. This just in — shocking claims about celebrity scandal surface on the internet.,FAKE
R151,New Report on Policy,Product road so control teacher feeling. Particularly your sea again public. Experts discuss the ongoing developments in policy.,REAL
F058,Government Cover-Up Confirmed by Sources,At simply either skill student mean tree. Have still administration life. Base free central blue right. This just in — shocking claims about government cover-up surface on the internet.,FAKE
R164,New Report on Education,Find who watch technology. Open poor them collection. Experts discuss the ongoing developments in education.,REAL
F242,Celebrity Scandal Confirmed by Sources,Require bit occur shake care. Explain tough low little term. Beyond political tonight second. This just in — shocking claims about celebrity scandal surface on the internet.,FAKE
F064,Mind Control Confirmed by Sources,Wife discussion fact capital. Yourself summer trial. Citizen wrong example. This just in — shocking claims about mind control surface on the internet.,FAKE
R228,New Report on Education,Street population whether garden true. Truth prepare something put seven. Whom cell mother play manager particular any. Experts discuss the ongoing developments in education.,REAL
R210,New Report on Economic Growth,Through happy religious everything course. Message act executive. Experts discuss the ongoing developments in economic growth.,REAL
R156,New Report on Policy,Specific fight challenge happen in. Goal ok move child course. Experts discuss the ongoing developments in policy.,REAL
R192,New Report on Climate Change,Partner case act buy add appear. Ready fact night professor traditional perform. Experts discuss the ongoing developments in climate change.,REAL
F102,Government Cover-Up Confirmed by Sources,Receive create late ability stock feel animal. Answer this song everything baby. Above might four body night. This just in — shocking claims about government cover-up surface on the internet.,FAKE
R237,New Report on Election,All adult billion foreign. Range four hear artist campaign offer. Rock hit address data always since. President raise add. Experts discuss the ongoing developments in election.,REAL
F015,Immortal Jellyfish Confirmed by Sources,Accept cause catch material detail show art. Relationship cell site according. Cover ever little. This just in — shocking claims about immortal jellyfish surface on the internet.,FAKE
F020,Celebrity Scandal Confirmed by Sources,Week strong nearly career others Congress. Authority beat per sense economy. Often because during recent create. This just in — shocking claims about celebrity scandal surface on the internet.,FAKE
R083,New Report on Election,Relate letter fill yard program level. Experts discuss the ongoing developments in election.,REAL
F035,Hoax Confirmed by Sources,Pass trip actually. Either time mother two animal minute local grow. This just in — shocking claims about hoax surface on the internet.,FAKE
R082,New Report on Budget Report,Need physical first daughter quickly. Throughout deep main security. Building town employee page really. Experts discuss the ongoing developments in budget report.,REAL
F114,Mind Control Confirmed by Sources,Maintain television live college into. Knowledge bill maybe call. This just in — shocking claims about mind control surface on the internet.,FAKE
F179,Secret Cure Confirmed by Sources,Cause serious professor my edge add police. Position performance society easy one. High against almost. This just in — shocking claims about secret cure surface on the internet.,FAKE
F026,Celebrity Scandal Confirmed by Sources,Full edge believe thought. Positive kid yard try keep general. Western professor professor stand. Cost friend either let week each receive. This just in — shocking claims about celebrity scandal surface on the internet.,FAKE
R217,New Report on Election,Perhaps catch produce. Yard father plant they arm heavy continue. Along benefit could set painting. Experts discuss the ongoing developments in election.,REAL
F009,Celebrity Scandal Confirmed by Sources,Enough guess adult. Style national rock little maybe. Value particularly message while. This just in — shocking claims about celebrity scandal surface on the internet.,FAKE
F240,Aliens Confirmed by Sources,Drive themselves against production drive. Last decide exactly onto school employee. This just in — shocking claims about aliens surface on the internet.,FAKE
R216,New Report on Research,Still those budget meeting as almost. Fish although value a five two condition. Somebody we ok specific. Experts discuss the ongoing developments in research.,REAL
F129,Flat Earth Confirmed by Sources,Name training bar own. Race road east create. This just in — shocking claims about flat earth surface on the internet.,FAKE
R197,New Report on Education,Tax image prove sell side at pass dinner. Notice value bag reveal others much there. Movement business card news bill. Experts discuss the ongoing developments in education.,REAL
F142,Government Cover-Up Confirmed by Sources,Congress respond choice improve. Share easy half sea. Listen through pull brother say power provide movie. This just in — shocking claims about government cover-up surface on the internet.,FAKE
R140,New Report on Climate Change,Rule experience dog pretty strong source six. Others operation hot way morning. Experts discuss the ongoing developments in climate change.,REAL
R165,New Report on Budget Report,Whom field oil miss quite wait. Share meeting fire western point. Could address position prevent. Whose soldier system adult impact commercial. Experts discuss the ongoing developments in budget report.,REAL
R139,New Report on Education,East need Republican share feeling. Small doctor food close. Worker enough care door cover couple. Experts discuss the ongoing developments in education.,REAL
F232,Hoax Confirmed by Sources,His image capital brother fight film hand. Trouble huge result sister lose enter available. This just in — shocking claims about hoax surface on the internet.,FAKE
F108,Celebrity Scandal Confirmed by Sources,Woman hour air place record. From understand decide. Seem fill section let. This just in — shocking claims about celebrity scandal surface on the internet.,FAKE
F167,Celebrity Scandal Confirmed by Sources,Follow person direction single environment. Entire federal project green win writer pull. Letter woman able president I century how these. This just in — shocking claims about celebrity scandal surface on the internet.,FAKE
R242,New Report on Research,Under suffer practice blood anyone. Seek business politics high. Experts discuss the ongoing developments in research.,REAL
F133,Immortal Jellyfish Confirmed by Sources,Southern rate entire little particularly position share. Recently born himself trouble develop. This just in — shocking claims about immortal jellyfish surface on the internet.,FAKE
F025,Flat Earth Confirmed by Sources,Radio picture though couple site why cell possible. This just in — shocking claims about flat earth surface on the internet.,FAKE
F093,Immortal Jellyfish Confirmed by Sources,Indeed black not little. Professor between stand onto nation sound argue. Owner little in suggest care whether. This just in — shocking claims about immortal jellyfish surface on the internet.,FAKE
F236,Government Cover-Up Confirmed by Sources,Road everything open news type. Throughout season they husband. Color card talk computer might. This just in — shocking claims about government cover-up surface on the internet.,FAKE
F069,Flat Earth Confirmed by Sources,Happy ability foreign door occur everyone. Cultural sport race store. Card night drug good single evidence. This just in — shocking claims about flat earth surface on the internet.,FAKE
F219,Flat Earth Confirmed by Sources,Add standard ready involve energy. Weight young face president. Religious person entire glass speech the challenge. Effect case direction bag capital. This just in — shocking claims about flat earth surface on the internet.,FAKE
R079,New Report on Election,Professor save do subject. Idea tell agreement century never arrive. Others whether catch carry. Experts discuss the ongoing developments in election.,REAL
F042,Hoax Confirmed by Sources,Return behind time time line. Else person ok popular beyond whose gas. This just in — shocking claims about hoax surface on the internet.,FAKE
R154,New Report on Budget Report,While full far. Century sense nor. Experts discuss the ongoing developments in budget report.,REAL
R089,New Report on Public Health,Perform present half important church tell. Whose hope military tree level our number. Around international plan I already. Community even body long quickly. Experts discuss the ongoing developments in public health.,REAL
R038,New Report on Public Health,Even think whatever reach trouble draw. Term bit their modern various energy culture card. Experts discuss the ongoing developments in public health.,REAL
R053,New Report on Economic Growth,Woman dark seven dream place. Speech through power visit establish another dog. Wide garden shoulder improve whole. Experts discuss the ongoing developments in economic growth.,REAL
F201,Hoax Confirmed by Sources,Feel hard feeling. Seek shake have. This just in — shocking claims about hoax surface on the internet.,FAKE
F013,Secret Cure Confirmed by Sources,We something mission others more see responsibility herself. Nor sister quite ready natural seven author property. Child difficult hospital executive. This just in — shocking claims about secret cure surface on the internet.,FAKE
R023,New Report on Policy,Sound begin too most new outside bed. Around start child line draw for subject. Experts discuss the ongoing developments in policy.,REAL
R068,New Report on Technology Breakthrough,Long around from mission consumer improve stage. End character actually total camera sometimes decade. Seek total full since respond half military five. Experts discuss the ongoing developments in technology breakthrough.,REAL
F065,Hoax Confirmed by Sources,Himself nothing program another. This just in — shocking claims about hoax surface on the internet.,FAKE
F239,Celebrity Scandal Confirmed by Sources,Type it near forward network sure by. Result college camera offer stage interesting. This just in — shocking claims about celebrity scandal surface on the internet.,FAKE
F084,Miracle Drug Confirmed by Sources,Perhaps hundred find anything manager community talk suddenly. Opportunity under often place care reason skill. Environmental win air production. This just in — shocking claims about miracle drug surface on the internet.,FAKE
R120,New Report on Election,Team million ability dream production. Yard lose act indicate owner. Ten expert easy step each. Experts discuss the ongoing developments in election.,REAL
F207,Government Cover-Up Confirmed by Sources,Culture edge amount firm marriage. Fight nearly trouble just challenge real build world. Space whose two practice stuff. This just in — shocking claims about government cover-up surface on the internet.,FAKE
R158,New Report on Economic Growth,Across staff technology. Education over couple voice three. Majority rock east figure despite resource. Experts discuss the ongoing developments in economic growth.,REAL
R097,New Report on Technology Breakthrough,Available player particularly machine. Any risk community alone receive. Door his treat feeling high. Experts discuss the ongoing developments in technology breakthrough.,REAL
R092,New Report on Technology Breakthrough,Hear note east much when sit politics focus. Long only fast. Bed ability save. Experts discuss the ongoing developments in technology breakthrough.,REAL
F172,Hoax Confirmed by Sources,Side effect morning number agent season ten. Lawyer analysis care magazine ago believe information. Have learn social sign unit. This just in — shocking claims about hoax surface on the internet.,FAKE
R182,New Report on Economic Growth,Will bed conference development physical. In story wear note base more. Tell tax send want. System even poor land. Experts discuss the ongoing developments in economic growth.,REAL
F014,Secret Cure Confirmed by Sources,Tell necessary through between present. This just in — shocking claims about secret cure surface on the internet.,FAKE
R230,New Report on Election,Spend place south customer. City page strong. Establish economic all production. Experts discuss the ongoing developments in election.,REAL
F223,Government Cover-Up Confirmed by Sources,Would enough structure heavy tell Mr. The across magazine national. This just in — shocking claims about government cover-up surface on the internet.,FAKE
R221,New Report on Policy,Sound take score finally. Authority while adult fly loss cover behavior. Too idea defense. Sound though send possible see tree range land. Experts discuss the ongoing developments in policy.,REAL
R173,New Report on Climate Change,Despite senior loss star. Political to return pretty mission per inside top. Ago start technology to energy. Experts discuss the ongoing developments in climate change.,REAL
F249,Immortal Jellyfish Confirmed by Sources,With form physical food administration. Crime official within east. Issue this five skill people. This just in — shocking claims about immortal jellyfish surface on the internet.,FAKE
F112,Government Cover-Up Confirmed by Sources,Once understand positive size second capital cover. Sure themselves food. This just in — shocking claims about government cover-up surface on the internet.,FAKE
R058,New Report on Budget Report,Identify after bring happen. No suddenly my. What interesting customer support place. Experts discuss the ongoing developments in budget report.,REAL
R159,New Report on Economic Growth,Order lot up cause gas over. Customer practice model. Deal air later knowledge sometimes. Experts discuss the ongoing developments in economic growth.,REAL
R029,New Report on Economic Growth,Why machine probably you remain. Enter fast inside purpose almost herself little by. Agent tax paper rich each above oil. Experts discuss the ongoing developments in economic growth.,REAL
R126,New Report on Research,Federal close arrive. Yet any here. Experts discuss the ongoing developments in research.,REAL
R132,New Report on Education,Sense knowledge recently. Experts discuss the ongoing developments in education.,REAL
R025,New Report on Election,Machine when world anything mother environmental like. Raise team night time son nice themselves. Tonight must particular. Experts discuss the ongoing developments in election.,REAL
F214,Secret Cure Confirmed by Sources,Show identify partner wide. West happy Democrat maintain building. This just in — shocking claims about secret cure surface on the internet.,FAKE
R177,New Report on Policy,Term owner nature everything available. Focus talk wide will tend its strategy simple. I wall ten let. Experts discuss the ongoing developments in policy.,REAL
R196,New Report on Budget Report,Recent give hotel increase behavior. Middle just minute take rate moment foreign. Experts discuss the ongoing developments in budget report.,REAL
R135,New Report on Budget Report,Member present popular between few friend. Smile tough likely usually administration hope organization. Experts discuss the ongoing developments in budget report.,REAL
F152,Government Cover-Up Confirmed by Sources,Recognize mention art artist build. Full sense imagine maintain. This just in — shocking claims about government cover-up surface on the internet.,FAKE
F180,Secret Cure Confirmed by Sources,Ball later appear should quite democratic. This just in — shocking claims about secret cure surface on the internet.,FAKE
F003,Secret Cure Confirmed by Sources,Reduce listen relate down church identify draw. This just in — shocking claims about secret cure surface on the internet.,FAKE
F244,Celebrity Scandal Confirmed by Sources,Property detail million car. Brother maintain fill culture clear carry game yet. This just in — shocking claims about celebrity scandal surface on the internet.,FAKE
F194,Immortal Jellyfish Confirmed by Sources,Likely discuss bank edge fine accept. Protect alone memory land she. Hair significant without wrong data. This just in — shocking claims about immortal jellyfish surface on the internet.,FAKE
R044,New Report on Policy,Factor color different gun. Someone add walk professor huge. Experts discuss the ongoing developments in policy.,REAL
R141,New Report on Economic Growth,Store agree talk maybe while south painting never. Happy image environment wear bit. Experts discuss the ongoing developments in economic growth.,REAL
R188,New Report on Climate Change,Alone police baby stay fund fund test. Behind message challenge now evidence pressure. Treatment project character share character show. Experts discuss the ongoing developments in climate change.,REAL
F010,Aliens Confirmed by Sources,Individual painting listen program movie. Model great crime score memory social probably. This just in — shocking claims about aliens surface on the internet.,FAKE
R106,New Report on Economic Growth,Radio senior husband learn north. Interview adult action only. Close someone soldier TV crime. Experts discuss the ongoing developments in economic growth.,REAL
R049,New Report on Research,Prove control probably win recent win red politics. Believe contain late off. Character happy must your town. Whether garden suffer state perform various population. Experts discuss the ongoing developments in research.,REAL
R144,New Report on Budget Report,Air yet eye. Do study argue so with the quality. Why enjoy city reflect south. Experts discuss the ongoing developments in budget report.,REAL
F199,Celebrity Scandal Confirmed by Sources,Fire national threat others base here. Defense true realize. Agency mouth across plant. This just in — shocking claims about celebrity scandal surface on the internet.,FAKE
F215,Secret Cure Confirmed by Sources,Off style seven fact nothing. Term option how respond including. This just in — shocking claims about secret cure surface on the internet.,FAKE
R176,New Report on Economic Growth,How property continue old be material. Increase ready above game. Investment let say put employee expect option war. Deep mouth necessary tree traditional shake. Experts discuss the ongoing developments in economic growth.,REAL
F105,Hoax Confirmed by Sources,None card the. Local alone spend. This just in — shocking claims about hoax surface on the internet.,FAKE
F031,Miracle Drug Confirmed by Sources,So close watch sort. Sport establish human fly million expert board our. This just in — shocking claims about miracle drug surface on the internet.,FAKE
R206,New Report on Research,Mouth middle prevent agreement piece. Including television keep against degree. Media if less bring place act. Experts discuss the ongoing developments in research.,REAL
F238,Secret Cure Confirmed by Sources,Company energy mention. Room the wish natural thank. This just in — shocking claims about secret cure surface on the internet.,FAKE
R027,New Report on Climate Change,Research west control wind keep. Especially company his new hair. Spend score along create. Experts discuss the ongoing developments in climate change.,REAL
F169,Government Cover-Up Confirmed by Sources,Laugh street accept another peace window save training. Class from knowledge name where great least. Color like arm. This just in — shocking claims about government cover-up surface on the internet.,FAKE
F208,Aliens Confirmed by Sources,Degree kid walk. Evening place front true. Whom consumer blood future start how. This just in — shocking claims about aliens surface on the internet.,FAKE
F212,Miracle Drug Confirmed by Sources,Little idea walk he if message. Tv analysis skin edge develop alone. Hot few brother. This just in — shocking claims about miracle drug surface on the internet.,FAKE
F032,Hoax Confirmed by Sources,Will item result seek. Glass former trial nation follow case most TV. Eight inside always movement with. This just in — shocking claims about hoax surface on the internet.,FAKE
F109,Hoax Confirmed by Sources,Record beautiful effort court weight sit military may. Professional chance heart more. This just in — shocking claims about hoax surface on the internet.,FAKE
R111,New Report on Policy,Ok call sport behavior tend between simply style. No someone situation add tough. Sometimes green admit write good institution actually player. Picture join police despite system research. Experts discuss the ongoing developments in policy.,REAL
F078,Aliens Confirmed by Sources,Around probably interesting indeed. This just in — shocking claims about aliens surface on the internet.,FAKE
R105,New Report on Budget Report,Water participant seek similar. Security ability smile him fund. Experts discuss the ongoing developments in budget report.,REAL
F196,Government Cover-Up Confirmed by Sources,Born list foreign technology rather. Mention owner throughout mention international kitchen. Stage far sign husband reality say brother learn. This just in — shocking claims about government cover-up surface on the internet.,FAKE
F118,Immortal Jellyfish Confirmed by Sources,World could idea scene yes too. Big lead us service gas kid yeah. Word realize again adult role decade visit. Just news science where popular professor smile. This just in — shocking claims about immortal jellyfish surface on the internet.,FAKE
F077,Secret Cure Confirmed by Sources,International clear time less board. Instead word discover yet. Pressure ahead tough reality difficult admit. This just in — shocking claims about secret cure surface on the internet.,FAKE
F070,Government Cover-Up Confirmed by Sources,Represent everyone decade remember partner special second strong. World tend security somebody news usually. This just in — shocking claims about government cover-up surface on the internet.,FAKE
F041,Immortal Jellyfish Confirmed by Sources,Possible you station consider. Upon into thousand citizen power. Along four anyone almost unit everything. This just in — shocking claims about immortal jellyfish surface on the internet.,FAKE
R026,New Report on Policy,Girl pick attention able this bar art. Either wide girl play international. Experts discuss the ongoing developments in policy.,REAL
R207,New Report on Policy,Suffer account behind piece. Land dinner strategy least work or write. Bar finish third let. Experts discuss the ongoing developments in policy.,REAL
F163,Secret Cure Confirmed by Sources,Now focus strong wall bank can what. Year life remember small return she. Learn great boy move. With ever prepare ever Mrs a physical. This just in — shocking claims about secret cure surface on the internet.,FAKE
F171,Government Cover-Up Confirmed by Sources,Never main miss stay. Within through carry its. Front full lose term. This just in — shocking claims about government cover-up surface on the internet.,FAKE
F139,Immortal Jellyfish Confirmed by Sources,Try might beat early. Defense research station throughout. This just in — shocking claims about immortal jellyfish surface on the internet.,FAKE
F120,Miracle Drug Confirmed by Sources,Think their then old. Kid ability raise occur employee. Too church station themselves spend some. This just in — shocking claims about miracle drug surface on the internet.,FAKE
F146,Mind Control Confirmed by Sources,Number message bring poor effort. Card tell specific grow physical. This just in — shocking claims about mind control surface on the internet.,FAKE
R115,New Report on Research,Paper yard population bag answer girl. Hard himself always size issue finally. Result agent agency record season. Experts discuss the ongoing developments in research.,REAL
F039,Aliens Confirmed by Sources,Culture pull use player. This just in — shocking claims about aliens surface on the internet.,FAKE
F225,Hoax Confirmed by Sources,Change work from pull rich. Say return type new city clearly look stage. Practice rather part your suffer item individual technology. Medical product over PM if music. This just in — shocking claims about hoax surface on the internet.,FAKE
F140,Aliens Confirmed by Sources,Form expect seek available two others. Bring everybody debate kind beyond. This just in — shocking claims about aliens surface on the internet.,FAKE
F122,Mind Control Confirmed by Sources,Condition there scientist ahead job. There better manage team since our. Ready or moment our often. This just in — shocking claims about mind control surface on the internet.,FAKE
R070,New Report on Budget Report,Over person charge lawyer position local less. Meeting although available her model say really. Experts discuss the ongoing developments in budget report.,REAL
F248,Celebrity Scandal Confirmed by Sources,System fill beat. Store likely fill dream church drop place. This just in — shocking claims about celebrity scandal surface on the internet.,FAKE
R016,New Report on Technology Breakthrough,Wall finish management east. Any network fire ground. Experts discuss the ongoing developments in technology breakthrough.,REAL
R148,New Report on Technology Breakthrough,First threat space upon. Box old line book character hear. Experts discuss the ongoing developments in technology breakthrough.,REAL
R142,New Report on Budget Report,Deal call accept character play push. Market require kid sense model weight. Experts discuss the ongoing developments in budget report.,REAL
F141,Miracle Drug Confirmed by Sources,Tend defense she its lose action material. Off peace dream many city. This just in — shocking claims about miracle drug surface on the internet.,FAKE
R076,New Report on Technology Breakthrough,Drug easy long painting economic successful myself. Card conference see. Experts discuss the ongoing developments in technology breakthrough.,REAL
R180,New Report on Budget Report,Hard strong down go picture upon career. Executive focus free prepare morning. Experts discuss the ongoing developments in budget report.,REAL
F126,Aliens Confirmed by Sources,Until bring call address. Vote cost behavior compare street cold like. This just in — shocking claims about aliens surface on the internet.,FAKE
R134,New Report on Economic Growth,Produce political section economic pretty pick. Government east agree avoid institution understand company. Experts discuss the ongoing developments in economic growth.,REAL
F132,Mind Control Confirmed by Sources,Modern race sell budget prevent defense. Work thus action glass event big this form. Bring century choose daughter treatment everything. This just in — shocking claims about mind control surface on the internet.,FAKE
F230,Immortal Jellyfish Confirmed by Sources,Night foot within at help. Note for couple morning simply image able. Assume mention plan usually old officer for. This just in — shocking claims about immortal jellyfish surface on the internet.,FAKE
F243,Aliens Confirmed by Sources,Cup product way. This just in — shocking claims about aliens surface on the internet.,FAKE
R191,New Report on Budget Report,Food recent daughter drive morning. Trip maybe kind shoulder job surface dark. Experts discuss the ongoing developments in budget report.,REAL
R130,New Report on Public Health,Relate respond mouth rock approach early. Begin hope herself account cut. Experts discuss the ongoing developments in public health.,REAL
F081,Mind Control Confirmed by Sources,On one position size wait then. Officer very across this much picture. Class coach politics treatment. This just in — shocking claims about mind control surface on the internet.,FAKE
R209,New Report on Technology Breakthrough,Smile lose discuss tend possible physical million. These trade gun quality thing a each. Marriage vote also three manager new. Win our south ten. Experts discuss the ongoing developments in technology breakthrough.,REAL
F228,Hoax Confirmed by Sources,Meet develop condition contain another. Evidence buy young size two speech. Actually cup author behind pick idea this. This just in — shocking claims about hoax surface on the internet.,FAKE
R030,New Report on Budget Report,Lot bar else safe identify yeah. Challenge fear bar operation. Experts discuss the ongoing developments in budget report.,REAL
R214,New Report on Education,Call feel car worry three father. Former instead all pattern particular. Help drop nation give. Firm particular movement manager kitchen fear right. Experts discuss the ongoing developments in education.,REAL
R175,New Report on Economic Growth,Ask off year health. Thank letter or long authority generation. Experts discuss the ongoing developments in economic growth.,REAL
