id,filtered_words_str,features_str,label_index
R129,hand close live lot toward pressure. local check character american instead find career. security either cost reveal. experts discuss ongoing developments election.,"(10000,[228,493,740,2006,2634,3194,3423,3497,3556,3614,3901,4490,4506,4527,4687,4867,4943,7510,7652,9118,9126,9462],[3.8187108282864943,4.42484663185681,5.117993812416755,4.607168188650764,4.137164559405029,4.607168188650764,4.137164559405029,3.7316994512968646,2.8844015909096608,0.6792718340663283,4.270695952029551,4.270695952029551,0.691153161953081,4.019381523748645,0.691153161953081,3.914021008090819,3.914021008090819,4.42484663185681,5.117993812416755,5.117993812416755,3.914021008090819,0.691153161953081])",1.0
R227,sit rest republican minute. perhaps adult improve car. analysis parent meet most. experts discuss ongoing developments climate change.,"(10000,[72,821,1259,1296,1599,2059,2408,2708,3614,4506,4616,4687,6946,7175,8290,9462,9932,9940],[3.8187108282864943,2.849310271098391,3.8187108282864943,4.42484663185681,5.117993812416755,2.6902455764687034,4.137164559405029,3.6516567436233283,0.6792718340663283,0.691153161953081,4.137164559405029,0.691153161953081,3.7316994512968646,5.523458920524919,4.607168188650764,0.691153161953081,4.830311739964974,4.270695952029551])",1.0
F231,baby color gun do. close issue eight example approach. none ground. — shocking claims aliens surface internet.,"(10000,[503,650,1348,1862,3497,5850,6434,6616,7281,7936,8313,8338,8482,8678,9606,9831,9832],[0.691153161953081,2.958509563063383,4.019381523748645,5.523458920524919,3.7316994512968646,0.691153161953081,4.830311739964974,3.914021008090819,0.6871770135734415,0.691153161953081,4.270695952029551,0.691153161953081,4.270695952029551,4.607168188650764,4.019381523748645,4.42484663185681,4.137164559405029])",0.0
R066,collection let four. usually amount job senior service mother chair. citizen company base military personal finally. experts discuss ongoing developments policy.,"(10000,[8,354,557,942,1584,1619,2252,2990,3614,4144,4506,4687,5877,6944,7222,7939,7960,8173,8209,8267,9462],[4.270695952029551,4.137164559405029,4.137164559405029,4.270695952029551,5.117993812416755,4.830311739964974,4.830311739964974,3.914021008090819,0.6792718340663283,4.137164559405029,0.691153161953081,0.691153161953081,4.42484663185681,2.8154087194227095,4.42484663185681,4.607168188650764,5.523458920524919,3.8187108282864943,4.830311739964974,4.270695952029551,0.691153161953081])",1.0
F095,manager officer still sport. seem successful rest reduce. social top girl business expect. writer economic oil bit society. — shocking claims mind control surface internet.,"(10000,[503,696,823,1029,1208,1652,1989,2111,2588,2708,3184,3712,5248,5328,5374,5659,5850,6035,6077,6906,7281,7936,8219,8338,9144],[0.691153161953081,4.137164559405029,3.7316994512968646,3.914021008090819,2.661258039595451,3.8187108282864943,4.42484663185681,5.117993812416755,4.607168188650764,3.6516567436233283,2.920769235080536,4.137164559405029,5.523458920524919,3.4440173788450834,4.270695952029551,4.270695952029551,0.691153161953081,4.019381523748645,5.523458920524919,4.270695952029551,0.6871770135734415,0.691153161953081,5.523458920524919,0.691153161953081,2.7508701982851385])",0.0
R174,decide turn design by. writer modern raise. better bring market difference bad. experts discuss ongoing developments policy.,"(10000,[1804,2336,2543,2657,3057,3614,3886,3922,3935,4506,4687,6906,6944,7593,7866,8293,9462],[4.830311739964974,4.137164559405029,3.2208738275308737,3.577548771469606,3.6516567436233283,0.6792718340663283,4.607168188650764,5.117993812416755,3.6516567436233283,0.691153161953081,0.691153161953081,4.270695952029551,2.8154087194227095,4.830311739964974,4.42484663185681,4.607168188650764,0.691153161953081])",1.0
R201,top subject role film decision plant. defense around past occur piece watch result. former woman enter still measure book focus. resource nice bring movie measure space. experts discuss ongoing developments public health.,"(10000,[393,528,1098,1439,1670,1770,1921,2193,2708,3057,3133,3350,3370,3543,3614,3712,4160,4506,4563,4687,5003,5328,6197,6219,7178,7435,7670,8016,8655,9275,9462],[4.607168188650764,8.541391904059102,3.577548771469606,4.42484663185681,4.42484663185681,3.125563647726549,4.019381523748645,5.117993812416755,3.6516567436233283,3.6516567436233283,4.42484663185681,4.137164559405029,4.137164559405029,4.270695952029551,0.6792718340663283,4.137164559405029,4.42484663185681,0.691153161953081,4.019381523748645,0.691153161953081,3.914021008090819,3.4440173788450834,3.914021008090819,3.0385522707369192,4.830311739964974,4.270695952029551,5.523458920524919,5.117993812416755,4.607168188650764,4.607168188650764,0.691153161953081])",1.0
R072,garden become happen image pay wide claim. experts discuss ongoing developments education.,"(10000,[1876,2836,3614,4506,4687,4704,4897,5047,5303,5936,7090,9462],[5.523458920524919,3.7316994512968646,0.6792718340663283,0.691153161953081,0.691153161953081,4.42484663185681,5.117993812416755,2.6902455764687034,3.8187108282864943,4.270695952029551,4.42484663185681,0.691153161953081])",1.0
R064,example citizen quality hit. bring cell sit employee upon. someone game leader girl heart mission cut vote. experts discuss ongoing developments research.,"(10000,[8,885,1029,1206,1526,3057,3210,3506,3614,3671,4506,4687,5087,6069,6548,6878,6946,7066,8975,9462,9606,9808],[4.270695952029551,5.117993812416755,3.914021008090819,4.270695952029551,4.270695952029551,3.6516567436233283,4.019381523748645,4.830311739964974,0.6792718340663283,4.137164559405029,0.691153161953081,0.691153161953081,4.830311739964974,4.270695952029551,4.137164559405029,5.117993812416755,3.7316994512968646,2.8844015909096608,4.607168188650764,0.691153161953081,4.019381523748645,4.137164559405029])",1.0
F037,argue customer think whether provide finally manager. — shocking claims miracle drug surface internet.,"(10000,[503,1256,1413,1817,2335,3406,3730,5850,5946,7161,7281,7860,7936,8338],[0.691153161953081,3.125563647726549,4.270695952029551,4.607168188650764,4.137164559405029,4.270695952029551,4.607168188650764,0.691153161953081,4.42484663185681,5.117993812416755,0.6871770135734415,2.997730276216664,0.691153161953081,0.691153161953081])",0.0
R170,nature wide treatment practice necessary five teach her. teach many concern on. call history accept congress leave west. experts discuss ongoing developments technology breakthrough.,"(10000,[1020,1968,2227,2657,2836,2913,3611,3614,4280,4506,4687,5146,5188,5611,5974,5987,6543,7748,7979,8015,8522,8728,9462],[2.661258039595451,4.830311739964974,2.7200985396183848,3.577548771469606,3.7316994512968646,3.8187108282864943,4.42484663185681,0.6792718340663283,3.6516567436233283,0.691153161953081,0.691153161953081,3.8187108282864943,4.137164559405029,5.523458920524919,3.8187108282864943,5.117993812416755,5.523458920524919,5.117993812416755,3.914021008090819,4.137164559405029,9.660623479929948,4.019381523748645,0.691153161953081])",1.0
F110,structure surface nature state form like law. individual night smile. nation growth factor style. central say cause huge. — shocking claims celebrity scandal surface internet.,"(10000,[316,320,503,1808,2996,3330,3486,3500,3611,4014,4827,4921,5321,5621,5850,5862,6869,7281,7936,8338,8538,8614,8928,9561],[4.019381523748645,4.42484663185681,0.691153161953081,4.137164559405029,3.3262343431887,4.270695952029551,2.849310271098391,5.117993812416755,4.42484663185681,3.914021008090819,5.117993812416755,2.849310271098391,4.137164559405029,4.607168188650764,0.691153161953081,3.577548771469606,4.019381523748645,1.374354027146883,0.691153161953081,0.691153161953081,5.117993812416755,4.42484663185681,3.914021008090819,4.270695952029551])",0.0
F048,yard street everybody goal paper poor. data road course vote. thing sense improve end situation play. — shocking claims secret cure surface internet.,"(10000,[424,453,503,1695,2408,2561,2613,3136,3652,3684,3857,3892,4517,5089,5447,5725,5850,6747,6878,7281,7936,8338,8690],[3.8187108282864943,3.8187108282864943,0.691153161953081,4.42484663185681,4.137164559405029,4.019381523748645,5.117993812416755,4.270695952029551,4.019381523748645,4.137164559405029,4.270695952029551,2.5530444549552183,5.117993812416755,4.42484663185681,3.2208738275308737,4.019381523748645,0.691153161953081,2.5530444549552183,5.117993812416755,0.6871770135734415,0.691153161953081,0.691153161953081,4.270695952029551])",0.0
F082,right law street. significant black all. — shocking claims hoax surface internet.,"(10000,[503,1535,1790,1948,3979,4377,5850,7281,7936,8338,8552,9372],[0.691153161953081,5.523458920524919,4.607168188650764,3.8187108282864943,4.607168188650764,2.60568818844064,0.691153161953081,0.6871770135734415,0.691153161953081,0.691153161953081,4.137164559405029,4.830311739964974])",0.0
F187,recognize onto question suggest man. tough hour care consider. station class lose open risk half choose. — shocking claims miracle drug surface internet.,"(10000,[503,527,1256,1780,2947,4007,4046,4319,4333,4422,5310,5447,5783,5850,6751,7281,7816,7860,7936,8171,8338,8415,8794],[0.691153161953081,4.42484663185681,3.125563647726549,4.137164559405029,4.137164559405029,3.914021008090819,5.523458920524919,3.8187108282864943,5.117993812416755,4.019381523748645,4.137164559405029,3.2208738275308737,4.270695952029551,0.691153161953081,4.830311739964974,0.6871770135734415,4.607168188650764,2.997730276216664,0.691153161953081,4.42484663185681,0.691153161953081,4.019381523748645,4.019381523748645])",0.0
F027,friend operation big although language agent air. receive interesting church. vote wear authority. — shocking claims miracle drug surface internet.,"(10000,[488,503,1256,1716,1918,2006,3048,3634,4617,5016,5850,5922,6581,7281,7779,7860,7936,8094,8338,9214],[4.270695952029551,0.691153161953081,3.125563647726549,4.270695952029551,5.523458920524919,4.607168188650764,4.137164559405029,4.137164559405029,4.42484663185681,3.8187108282864943,0.691153161953081,4.137164559405029,4.137164559405029,0.6871770135734415,3.8187108282864943,2.997730276216664,0.691153161953081,4.270695952029551,0.691153161953081,3.7316994512968646])",0.0
F202,big hotel year meet able. practice everyone argue someone still. type science that. price lead person part wall line. — shocking claims hoax surface internet.,"(10000,[503,1649,1738,2115,2663,3048,3249,3363,3526,3671,3730,4280,4377,5356,5850,6404,6508,7281,7936,8338,8730,8740,8893,8899,9940],[0.691153161953081,5.117993812416755,5.523458920524919,4.830311739964974,3.914021008090819,4.137164559405029,3.6516567436233283,4.42484663185681,4.270695952029551,4.137164559405029,4.607168188650764,3.6516567436233283,2.60568818844064,4.42484663185681,0.691153161953081,4.019381523748645,5.523458920524919,0.6871770135734415,0.691153161953081,0.691153161953081,4.42484663185681,4.019381523748645,3.914021008090819,3.8187108282864943,4.270695952029551])",0.0
F197,consider subject accept deep. seat eight son require sea finish worry yet. — shocking claims secret cure surface internet.,"(10000,[47,209,312,503,1982,2657,3882,3892,5850,6578,6747,7281,7936,8338,8343,8449,8482,8655,9617],[4.607168188650764,3.8187108282864943,4.019381523748645,0.691153161953081,5.117993812416755,3.577548771469606,4.607168188650764,2.5530444549552183,0.691153161953081,3.8187108282864943,2.5530444549552183,0.6871770135734415,0.691153161953081,0.691153161953081,4.607168188650764,4.607168188650764,4.270695952029551,4.607168188650764,4.270695952029551])",0.0
R128,military light group mission. day sea window different. song sound still raise always matter off. experts discuss ongoing developments climate change.,"(10000,[821,1720,2059,2402,2403,3409,3527,3614,3712,4489,4506,4687,5877,6166,7350,7766,9011,9078,9133,9462,9617],[2.849310271098391,4.607168188650764,2.6902455764687034,4.607168188650764,4.607168188650764,5.117993812416755,4.42484663185681,0.6792718340663283,4.137164559405029,5.117993812416755,0.691153161953081,0.691153161953081,4.42484663185681,4.270695952029551,4.42484663185681,4.270695952029551,4.019381523748645,4.830311739964974,4.830311739964974,0.691153161953081,4.270695952029551])",1.0
F157,carry box continue generation interest. — shocking claims government cover-up surface internet.,"(10000,[454,503,743,1511,2259,5850,6963,7281,7922,7936,8338,9813],[3.172083663361442,0.691153161953081,4.270695952029551,5.523458920524919,2.8154087194227095,0.691153161953081,4.607168188650764,0.6871770135734415,4.607168188650764,0.691153161953081,0.691153161953081,2.997730276216664])",0.0
F117,man task remember similar seven new floor and. air onto scientist fire herself. seem full change bring in. — shocking claims hoax surface internet.,"(10000,[88,387,503,585,1936,2086,2238,2569,2588,3057,4319,4377,5191,5685,5850,6226,7046,7281,7850,7936,8338,8451,8897],[4.019381523748645,4.137164559405029,0.691153161953081,3.5085558999826545,4.830311739964974,4.830311739964974,5.117993812416755,3.577548771469606,4.607168188650764,3.6516567436233283,7.637421656572989,2.60568818844064,3.8187108282864943,4.019381523748645,0.691153161953081,4.42484663185681,4.830311739964974,0.6871770135734415,4.019381523748645,0.691153161953081,0.691153161953081,4.607168188650764,3.8187108282864943])",0.0
F173,quickly cause pass. white ability behind other. loss bill describe tough sell. — shocking claims secret cure surface internet.,"(10000,[316,503,1310,3391,3681,3892,4346,5329,5447,5843,5850,6747,7085,7281,7936,8135,8171,8338,9231],[4.019381523748645,0.691153161953081,5.523458920524919,4.830311739964974,3.914021008090819,2.5530444549552183,3.914021008090819,4.137164559405029,3.2208738275308737,4.830311739964974,0.691153161953081,2.5530444549552183,3.8187108282864943,0.6871770135734415,0.691153161953081,4.137164559405029,4.42484663185681,0.691153161953081,4.607168188650764])",0.0
F024,common early song peace success civil series. chance cultural window test baby citizen whatever. — shocking claims aliens surface internet.,"(10000,[8,346,503,593,650,1348,1553,2403,4092,5850,6332,6586,6697,7281,7350,7936,8338,8667,9233,9828],[4.270695952029551,4.270695952029551,0.691153161953081,5.117993812416755,2.958509563063383,4.019381523748645,5.117993812416755,4.607168188650764,4.137164559405029,0.691153161953081,4.830311739964974,4.137164559405029,4.607168188650764,0.6871770135734415,4.42484663185681,0.691153161953081,0.691153161953081,4.830311739964974,4.137164559405029,4.607168188650764])",0.0
F096,tough work already. full girl hundred laugh. heart light various fish. — shocking claims celebrity scandal surface internet.,"(10000,[503,1029,1720,3471,3486,3673,4921,5175,5447,5850,6647,7281,7936,8338,8897,9181,9527,9808],[0.691153161953081,3.914021008090819,4.607168188650764,5.523458920524919,2.849310271098391,5.117993812416755,2.849310271098391,3.914021008090819,3.2208738275308737,0.691153161953081,4.270695952029551,0.6871770135734415,0.691153161953081,0.691153161953081,3.8187108282864943,4.607168188650764,4.270695952029551,4.137164559405029])",0.0
R247,low fire whole sure case however. article real five drop federal. former trial build present professor manager. experts discuss ongoing developments public health.,"(10000,[627,1702,1770,1821,2543,2782,3014,3410,3614,4160,4506,4687,5191,5974,6219,6342,7161,8130,8411,8577,9261,9462,9691],[4.830311739964974,4.607168188650764,3.125563647726549,4.270695952029551,3.2208738275308737,4.830311739964974,4.270695952029551,3.914021008090819,0.6792718340663283,4.42484663185681,0.691153161953081,0.691153161953081,3.8187108282864943,3.8187108282864943,3.0385522707369192,4.137164559405029,5.117993812416755,4.270695952029551,3.577548771469606,4.137164559405029,5.117993812416755,0.691153161953081,4.830311739964974])",1.0
F226,notice third consider deep federal. line class somebody sport. country ever control say her. another college wife carry floor. — shocking claims government cover-up surface internet.,"(10000,[312,454,503,1182,1208,1525,1762,2111,2259,2782,2920,3021,3089,4007,5594,5850,5862,7281,7748,7870,7936,8057,8166,8338,8771,9813],[4.019381523748645,3.172083663361442,0.691153161953081,4.830311739964974,2.661258039595451,4.42484663185681,4.270695952029551,5.117993812416755,2.8154087194227095,4.830311739964974,4.607168188650764,4.270695952029551,4.270695952029551,3.914021008090819,4.270695952029551,0.691153161953081,3.577548771469606,0.6871770135734415,5.117993812416755,4.270695952029551,0.691153161953081,4.137164559405029,4.019381523748645,0.691153161953081,4.019381523748645,2.997730276216664])",0.0
F100,particular purpose husband speech. without worker debate computer small. — shocking claims flat earth surface internet.,"(10000,[503,1180,2676,2918,3445,4043,5850,7208,7281,7936,8089,8151,8276,8338,8984,9676],[0.691153161953081,5.117993812416755,4.137164559405029,3.0385522707369192,5.523458920524919,3.8187108282864943,0.691153161953081,4.42484663185681,0.6871770135734415,0.691153161953081,4.42484663185681,4.137164559405029,4.607168188650764,0.691153161953081,4.137164559405029,3.0385522707369192])",0.0
F246,firm training kind. almost choice animal response other. tough positive bad policy quite. — shocking claims government cover-up surface internet.,"(10000,[1,503,2259,2445,2784,4142,5447,5850,6053,7281,7360,7538,7936,7956,8338,8566,8878,8894,9231,9813],[4.270695952029551,0.691153161953081,2.8154087194227095,4.270695952029551,5.523458920524919,4.830311739964974,3.2208738275308737,0.691153161953081,3.577548771469606,0.6871770135734415,4.42484663185681,4.137164559405029,0.691153161953081,5.523458920524919,0.691153161953081,4.270695952029551,5.523458920524919,4.137164559405029,4.607168188650764,2.997730276216664])",0.0
F183,truth recently anything ball likely keep. power enjoy politics nothing federal. likely officer organization beautiful feeling represent. — shocking claims aliens surface internet.,"(10000,[309,503,613,650,696,1273,1364,1805,2034,2069,2114,2782,3056,3538,4292,5850,5887,7281,7492,7936,8338,9767],[7.3033134872466565,0.691153161953081,4.019381523748645,2.958509563063383,4.137164559405029,3.3262343431887,4.830311739964974,3.8187108282864943,4.019381523748645,4.137164559405029,4.607168188650764,4.830311739964974,4.607168188650764,5.523458920524919,4.270695952029551,0.691153161953081,3.6516567436233283,0.6871770135734415,4.137164559405029,0.691153161953081,0.691153161953081,4.830311739964974])",0.0
R063,body quite language enough weight. task thus figure discussion. investment purpose another son detail. experts discuss ongoing developments policy.,"(10000,[209,288,841,1562,1716,2336,3614,4079,4110,4506,4687,4748,5684,6056,6944,8089,8166,8451,9462],[3.8187108282864943,5.117993812416755,3.8187108282864943,4.607168188650764,4.270695952029551,4.137164559405029,0.6792718340663283,5.117993812416755,4.830311739964974,0.691153161953081,0.691153161953081,4.019381523748645,4.137164559405029,4.019381523748645,2.8154087194227095,4.42484663185681,4.019381523748645,4.607168188650764,0.691153161953081])",1.0
R005,commercial enjoy agreement physical rise choice. save according break wall behavior. teach wait worker save believe official line. experts discuss ongoing developments election.,"(10000,[533,668,779,1805,2115,2676,3556,3614,4506,4520,4687,4816,5477,6404,6443,6988,7564,8413,8485,8522,8649,9462],[4.019381523748645,4.019381523748645,4.830311739964974,3.8187108282864943,4.830311739964974,4.137164559405029,2.8844015909096608,0.6792718340663283,0.691153161953081,8.03876304749729,0.691153161953081,3.7316994512968646,4.270695952029551,4.019381523748645,3.383392757028649,4.607168188650764,4.830311739964974,3.4440173788450834,4.270695952029551,4.830311739964974,4.019381523748645,0.691153161953081])",1.0
R084,campaign financial marriage method image low. agency get owner performance view good. affect discussion history. seem newspaper little response. experts discuss ongoing developments election.,"(10000,[765,1590,1868,2588,3079,3238,3556,3614,4506,4687,5303,5315,6015,6053,6055,6229,6675,7293,7407,7424,8546,9351,9426,9462],[3.914021008090819,3.5085558999826545,5.523458920524919,4.607168188650764,3.914021008090819,4.270695952029551,2.8844015909096608,0.6792718340663283,0.691153161953081,0.691153161953081,3.8187108282864943,4.137164559405029,4.607168188650764,3.577548771469606,4.830311739964974,4.42484663185681,4.019381523748645,4.607168188650764,4.830311739964974,5.523458920524919,5.523458920524919,4.607168188650764,4.607168188650764,0.691153161953081])",1.0
R124,whether result special fund upon. decade language fish player already. home play fact appear. experts discuss ongoing developments education.,"(10000,[399,1055,1376,1716,1952,2173,3365,3406,3614,4506,4638,4687,5047,5087,6030,6604,7215,9181,9462],[4.019381523748645,4.019381523748645,4.019381523748645,4.270695952029551,4.830311739964974,4.270695952029551,5.117993812416755,4.270695952029551,0.6792718340663283,0.691153161953081,3.8187108282864943,0.691153161953081,2.6902455764687034,4.830311739964974,4.270695952029551,4.42484663185681,4.137164559405029,4.607168188650764,0.691153161953081])",1.0
R118,senior need available rate way knowledge. mind table like people rock information series. experts discuss ongoing developments research.,"(10000,[253,574,2475,3184,3330,3614,3931,4144,4263,4506,4687,6537,6805,7066,8190,8667,9391,9462],[4.607168188650764,4.019381523748645,3.8187108282864943,2.920769235080536,4.270695952029551,0.6792718340663283,3.8187108282864943,4.137164559405029,3.6516567436233283,0.691153161953081,0.691153161953081,4.607168188650764,5.117993812416755,2.8844015909096608,4.830311739964974,4.830311739964974,4.019381523748645,0.691153161953081])",1.0
F001,capital officer network fill area off. couple blue official operation. — shocking claims aliens surface internet.,"(10000,[503,650,696,5649,5768,5850,5887,6541,7281,7702,7936,8338,8485,9078,9152,9727],[0.691153161953081,2.958509563063383,4.137164559405029,4.270695952029551,4.137164559405029,0.691153161953081,3.6516567436233283,3.914021008090819,0.6871770135734415,4.137164559405029,0.691153161953081,0.691153161953081,4.270695952029551,4.830311739964974,4.019381523748645,4.137164559405029])",0.0
F007,stuff wide behind professional. fund might very. blue better create art laugh ten. — shocking claims immortal jellyfish surface internet.,"(10000,[503,1404,2066,2543,2836,3924,4346,4638,5768,5850,6466,7098,7281,7691,7722,7854,7936,8338,9415,9876],[0.691153161953081,4.830311739964974,2.7508701982851385,3.2208738275308737,3.7316994512968646,3.383392757028649,3.914021008090819,3.8187108282864943,4.137164559405029,0.691153161953081,5.523458920524919,4.42484663185681,0.6871770135734415,5.523458920524919,4.270695952029551,4.42484663185681,0.691153161953081,0.691153161953081,4.830311739964974,2.7508701982851385])",0.0
F046,particularly machine generation scene partner development. claim radio alone blue because. — shocking claims mind control surface internet.,"(10000,[116,503,913,1208,2492,3184,5768,5844,5850,6443,6793,6963,7281,7936,8040,8338,8937,9086],[3.577548771469606,0.691153161953081,4.830311739964974,2.661258039595451,3.7316994512968646,2.920769235080536,4.137164559405029,4.42484663185681,0.691153161953081,3.383392757028649,5.523458920524919,4.607168188650764,0.6871770135734415,0.691153161953081,3.914021008090819,0.691153161953081,4.137164559405029,4.607168188650764])",0.0
R103,usually attorney success sell election carry. two deal available certain serve. turn race run total another church. experts discuss ongoing developments research.,"(10000,[132,266,454,1433,2475,2990,3614,3881,3886,4485,4506,4687,4728,4853,6279,7066,7160,8094,8166,9288,9462,9828],[5.117993812416755,4.019381523748645,3.172083663361442,3.914021008090819,3.8187108282864943,3.914021008090819,0.6792718340663283,5.117993812416755,4.607168188650764,4.270695952029551,0.691153161953081,0.691153161953081,3.6516567436233283,4.607168188650764,4.830311739964974,2.8844015909096608,5.117993812416755,4.270695952029551,4.019381523748645,4.607168188650764,0.691153161953081,4.607168188650764])",1.0
R037,fund school support anyone middle think. likely budget every offer. experts discuss ongoing developments budget report.,"(10000,[309,666,1948,2679,3331,3614,4506,4638,4687,4991,5432,8217,9462,9681,9878],[3.6516567436233283,4.607168188650764,3.8187108282864943,4.019381523748645,4.830311739964974,0.6792718340663283,0.691153161953081,3.8187108282864943,0.691153161953081,5.006068068761114,2.7508701982851385,4.42484663185681,0.691153161953081,4.019381523748645,4.137164559405029])",1.0
F193,bill everyone including wall way. compare strategy live fact. — shocking claims secret cure surface internet.,"(10000,[493,503,2291,3892,4639,5850,6404,6747,7281,7334,7936,8135,8338,8893,9192,9246],[4.42484663185681,0.691153161953081,4.607168188650764,2.5530444549552183,4.830311739964974,0.691153161953081,4.019381523748645,2.5530444549552183,0.6871770135734415,4.137164559405029,0.691153161953081,4.137164559405029,0.691153161953081,3.914021008090819,5.117993812416755,4.137164559405029])",0.0
R166,possible third north run. experts discuss ongoing developments election.,"(10000,[1778,3556,3614,4506,4687,6100,7912,8771,9462],[4.830311739964974,2.8844015909096608,0.6792718340663283,0.691153161953081,0.691153161953081,4.270695952029551,5.523458920524919,4.019381523748645,0.691153161953081])",1.0
F017,machine less song. talk simple enjoy page fact. — shocking claims immortal jellyfish surface internet.,"(10000,[503,1195,1805,2066,2827,2913,5850,6934,7281,7936,8040,8338,8925,9192,9876],[0.691153161953081,4.019381523748645,3.8187108282864943,2.7508701982851385,3.7316994512968646,3.8187108282864943,0.691153161953081,5.523458920524919,0.6871770135734415,0.691153161953081,3.914021008090819,0.691153161953081,4.019381523748645,5.117993812416755,2.7508701982851385])",0.0
R008,control professional star weight authority husband especially. nearly organization land side. speak six employee take message usually clearly. experts discuss ongoing developments economic growth.,"(10000,[855,1176,1208,1364,1770,1985,2155,2715,2866,2990,3614,3924,4506,4687,4732,5170,5401,6548,7148,7208,8004,9034,9144,9462],[4.270695952029551,4.270695952029551,2.661258039595451,4.830311739964974,3.125563647726549,5.117993812416755,4.019381523748645,4.270695952029551,4.42484663185681,3.914021008090819,0.6792718340663283,3.383392757028649,0.691153161953081,0.691153161953081,4.830311739964974,4.607168188650764,3.914021008090819,4.137164559405029,4.137164559405029,4.42484663185681,4.137164559405029,2.920769235080536,2.7508701982851385,0.691153161953081])",1.0
F071,fly great act lose industry work for. movie yeah pass want watch coach cold. — shocking claims celebrity scandal surface internet.,"(10000,[503,750,1439,1630,2708,3010,3249,3486,3514,4241,4422,4921,5850,5944,6928,7281,7712,7936,8338,8392,9527],[0.691153161953081,4.137164559405029,4.42484663185681,5.523458920524919,3.6516567436233283,4.830311739964974,3.6516567436233283,2.849310271098391,4.270695952029551,4.830311739964974,4.019381523748645,2.849310271098391,0.691153161953081,4.42484663185681,4.137164559405029,0.6871770135734415,4.607168188650764,0.691153161953081,0.691153161953081,4.42484663185681,4.270695952029551])",0.0
F028,member nearly market reality same. forget house school hotel fall. school realize character rather good various job we. — shocking claims mind control surface internet.,"(10000,[474,503,557,680,1208,1582,2412,2657,2663,2679,2837,2866,3184,3488,4867,5836,5850,6168,6647,6790,7146,7281,7936,8338],[4.830311739964974,0.691153161953081,4.137164559405029,4.019381523748645,2.661258039595451,4.270695952029551,5.523458920524919,3.577548771469606,3.914021008090819,8.03876304749729,4.270695952029551,4.42484663185681,2.920769235080536,5.117993812416755,3.914021008090819,4.137164559405029,0.691153161953081,4.607168188650764,4.270695952029551,4.137164559405029,4.830311739964974,0.6871770135734415,0.691153161953081,0.691153161953081])",0.0
F227,month data involve political pattern address. first church prevent property perhaps budget. — shocking claims immortal jellyfish surface internet.,"(10000,[503,617,1222,1259,1273,1695,2066,2733,3252,3935,5741,5850,6271,6403,7281,7936,8338,9876],[0.691153161953081,4.830311739964974,5.117993812416755,7.637421656572989,3.3262343431887,4.42484663185681,2.7508701982851385,4.019381523748645,4.137164559405029,3.6516567436233283,4.270695952029551,0.691153161953081,4.270695952029551,4.137164559405029,0.6871770135734415,0.691153161953081,0.691153161953081,2.7508701982851385])",0.0
R200,degree subject others dream. sit rather which. experts discuss ongoing developments public health.,"(10000,[1770,2430,2837,3614,4506,4687,6219,6315,6940,6946,8655,9462,9943],[3.125563647726549,5.523458920524919,4.270695952029551,0.6792718340663283,0.691153161953081,0.691153161953081,3.0385522707369192,5.117993812416755,3.4440173788450834,3.7316994512968646,4.607168188650764,0.691153161953081,5.117993812416755])",1.0
R225,process resource draw forward sell lead chair. one along woman. almost never enough question chance. experts discuss ongoing developments climate change.,"(10000,[281,815,821,1278,1584,1670,2059,2840,2947,3614,4485,4506,4687,4748,5356,8040,8167,8411,8566,9462,9944],[4.830311739964974,4.019381523748645,2.849310271098391,5.523458920524919,5.117993812416755,4.42484663185681,2.6902455764687034,3.6516567436233283,4.137164559405029,0.6792718340663283,4.270695952029551,0.691153161953081,0.691153161953081,4.019381523748645,4.42484663185681,3.914021008090819,4.019381523748645,3.577548771469606,4.270695952029551,0.691153161953081,5.523458920524919])",1.0
R062,nice along try heavy agree. fire together piece. foreign fund boy finally treat quickly. experts discuss ongoing developments budget report.,"(10000,[157,1817,2840,3370,3614,3818,4506,4638,4687,4693,4991,5191,5432,6206,6521,8312,8750,8949,9462,9784],[4.137164559405029,4.607168188650764,3.6516567436233283,4.137164559405029,0.6792718340663283,4.830311739964974,0.691153161953081,3.8187108282864943,0.691153161953081,4.607168188650764,2.503034034380557,3.8187108282864943,2.7508701982851385,3.7316994512968646,5.117993812416755,4.830311739964974,4.270695952029551,4.42484663185681,0.691153161953081,4.270695952029551])",1.0
F033,everybody education give memory. republican effort news simply card turn film money. — shocking claims hoax surface internet.,"(10000,[25,503,1642,2144,2433,2561,3783,3886,4377,4616,5003,5530,5726,5850,6079,7281,7936,8338],[5.523458920524919,0.691153161953081,4.137164559405029,4.019381523748645,4.137164559405029,4.019381523748645,4.270695952029551,4.607168188650764,2.60568818844064,4.137164559405029,3.914021008090819,4.019381523748645,4.42484663185681,0.691153161953081,5.523458920524919,0.6871770135734415,0.691153161953081,0.691153161953081])",0.0
F012,computer add nice turn wife. production claim interest common film draw left indeed. vote enjoy consider control stuff painting able. — shocking claims hoax surface internet.,"(10000,[70,312,503,1034,1208,1662,1805,1996,3370,3886,4377,5003,5399,5850,6332,7281,7722,7936,8151,8167,8338,8353,8730,8937,9214,9887],[4.607168188650764,4.019381523748645,0.691153161953081,4.42484663185681,2.661258039595451,4.270695952029551,3.8187108282864943,5.117993812416755,4.137164559405029,4.607168188650764,2.60568818844064,3.914021008090819,4.607168188650764,0.691153161953081,4.830311739964974,0.6871770135734415,4.270695952029551,0.691153161953081,4.137164559405029,4.019381523748645,0.691153161953081,4.42484663185681,4.42484663185681,4.137164559405029,3.7316994512968646,3.914021008090819])",0.0
R121,face weight outside scientist talk. score catch fine education piece put. current help television. control network director suggest hot. experts discuss ongoing developments research.,"(10000,[1208,1365,1853,1927,3133,3614,3809,4034,4498,4506,4687,5476,5530,6226,6431,7066,7816,7949,8004,8568,9152,9189,9347,9462],[2.661258039595451,4.830311739964974,4.270695952029551,3.914021008090819,4.42484663185681,0.6792718340663283,5.523458920524919,3.914021008090819,4.830311739964974,0.691153161953081,0.691153161953081,4.830311739964974,4.019381523748645,4.42484663185681,4.42484663185681,2.8844015909096608,4.607168188650764,4.270695952029551,4.137164559405029,4.607168188650764,4.019381523748645,4.137164559405029,4.607168188650764,0.691153161953081])",1.0
F210,president foreign forward. table care red. nice control. — shocking claims aliens surface internet.,"(10000,[503,650,1306,1886,3370,3931,5310,5850,6206,7281,7726,7936,8338,9948],[0.691153161953081,2.958509563063383,4.42484663185681,5.117993812416755,4.137164559405029,3.8187108282864943,4.137164559405029,0.691153161953081,3.7316994512968646,0.6871770135734415,5.523458920524919,0.691153161953081,0.691153161953081,5.523458920524919])",0.0
F151,air bar support say president everyone old. — shocking claims hoax surface internet.,"(10000,[88,503,1306,2812,4377,5850,5862,7281,7332,7936,8217,8338,8893],[4.019381523748645,0.691153161953081,4.42484663185681,5.117993812416755,2.60568818844064,0.691153161953081,3.577548771469606,0.6871770135734415,3.914021008090819,0.691153161953081,4.42484663185681,0.691153161953081,3.914021008090819])",0.0
F099,star nothing issue remain. notice run popular future something. cultural sometimes sound. — shocking claims secret cure surface internet.,"(10000,[266,503,1525,2604,3892,4240,4292,5170,5401,5850,5869,6148,6488,6616,6747,7281,7936,8338,9233],[4.019381523748645,0.691153161953081,4.42484663185681,5.117993812416755,2.5530444549552183,5.117993812416755,4.270695952029551,4.607168188650764,3.914021008090819,0.691153161953081,4.270695952029551,4.42484663185681,3.914021008090819,3.914021008090819,2.5530444549552183,0.6871770135734415,0.691153161953081,0.691153161953081,4.137164559405029])",0.0
R090,call moment color such. door writer attack left hospital. better explain cell floor. experts discuss ongoing developments technology breakthrough.,"(10000,[934,1020,1662,2227,2543,2920,3210,3401,3614,3629,4506,4687,4847,5146,5341,5693,6906,9462,9832],[5.523458920524919,2.661258039595451,4.270695952029551,2.7200985396183848,3.2208738275308737,4.607168188650764,4.019381523748645,4.019381523748645,0.6792718340663283,5.117993812416755,0.691153161953081,0.691153161953081,4.270695952029551,3.8187108282864943,4.607168188650764,4.607168188650764,4.270695952029551,0.691153161953081,4.137164559405029])",1.0
R125,piece message pm treatment second ready health. maybe full may back. either skin guess product hotel page every. experts discuss ongoing developments budget report.,"(10000,[447,2110,2663,2715,2827,3133,3614,4506,4687,4818,4991,5432,5833,6219,6557,7026,8015,8660,8897,8997,9126,9160,9256,9462],[4.42484663185681,5.117993812416755,3.914021008090819,4.270695952029551,3.7316994512968646,4.42484663185681,0.6792718340663283,0.691153161953081,0.691153161953081,4.42484663185681,2.503034034380557,2.7508701982851385,4.42484663185681,3.0385522707369192,3.7316994512968646,4.019381523748645,4.137164559405029,4.607168188650764,3.8187108282864943,5.523458920524919,3.914021008090819,4.830311739964974,4.137164559405029,0.691153161953081])",1.0
R091,believe leader fund debate daughter. experts discuss ongoing developments climate change.,"(10000,[533,821,1526,2059,3614,4506,4638,4687,6836,8276,9462],[4.019381523748645,2.849310271098391,4.270695952029551,2.6902455764687034,0.6792718340663283,0.691153161953081,3.8187108282864943,0.691153161953081,5.117993812416755,4.607168188650764,0.691153161953081])",1.0
R157,phone week sure project training listen art likely. one center hospital newspaper everything city. experts discuss ongoing developments climate change.,"(10000,[206,429,815,821,1480,1626,1821,2059,2230,3238,3614,4506,4687,4930,5122,7538,7854,8113,9156,9462],[4.830311739964974,4.270695952029551,4.019381523748645,2.849310271098391,4.607168188650764,4.137164559405029,4.270695952029551,2.6902455764687034,3.914021008090819,4.270695952029551,0.6792718340663283,0.691153161953081,0.691153161953081,4.137164559405029,4.137164559405029,4.137164559405029,4.42484663185681,5.117993812416755,3.7316994512968646,0.691153161953081])",1.0
F098,current speech sign local business. meeting run left fall alone race far according. — shocking claims miracle drug surface internet.,"(10000,[20,228,266,454,502,503,1256,1662,2492,3729,4158,4546,5850,6756,7281,7860,7936,8338,9189,9907],[3.914021008090819,3.8187108282864943,4.019381523748645,3.172083663361442,4.270695952029551,0.691153161953081,3.125563647726549,4.270695952029551,3.7316994512968646,4.830311739964974,4.270695952029551,5.523458920524919,0.691153161953081,3.8187108282864943,0.6871770135734415,2.997730276216664,0.691153161953081,0.691153161953081,4.137164559405029,5.117993812416755])",0.0
F164,color like thus. front usually. miss bar structure serious answer administration born. — shocking claims immortal jellyfish surface internet.,"(10000,[503,504,1071,1117,2066,2849,2996,3286,3330,3619,5185,5850,6652,7281,7332,7936,8338,9832,9876],[0.691153161953081,3.8187108282864943,4.607168188650764,4.019381523748645,2.7508701982851385,5.523458920524919,3.3262343431887,5.523458920524919,4.270695952029551,4.42484663185681,4.137164559405029,0.691153161953081,4.830311739964974,0.6871770135734415,3.914021008090819,0.691153161953081,0.691153161953081,4.137164559405029,2.7508701982851385])",0.0
R050,ground seven same. project fast major spend strong. experts discuss ongoing developments economic growth.,"(10000,[278,353,474,1058,2230,3614,4506,4687,6487,7850,9034,9144,9263,9462],[4.42484663185681,3.914021008090819,4.830311739964974,4.019381523748645,3.914021008090819,0.6792718340663283,0.691153161953081,0.691153161953081,3.914021008090819,4.019381523748645,2.920769235080536,2.7508701982851385,4.270695952029551,0.691153161953081])",1.0
R249,baby force image. clearly shake daughter agreement age manager defense. experts discuss ongoing developments climate change.,"(10000,[176,391,821,1348,1652,2059,2180,3614,4506,4687,7623,8238,8413,8791,9462,9604],[4.607168188650764,4.607168188650764,2.849310271098391,4.019381523748645,3.8187108282864943,2.6902455764687034,4.019381523748645,0.6792718340663283,0.691153161953081,0.691153161953081,4.270695952029551,4.270695952029551,3.4440173788450834,4.42484663185681,0.691153161953081,5.117993812416755])",1.0
R093,blood change issue sort challenge yeah fund media. decade relationship actually. blood one sing. experts discuss ongoing developments election.,"(10000,[387,815,2359,3248,3249,3556,3614,3888,4066,4260,4506,4638,4687,5720,5935,6030,6616,9462],[4.137164559405029,4.019381523748645,8.84969326371362,5.117993812416755,3.6516567436233283,2.8844015909096608,0.6792718340663283,4.830311739964974,4.607168188650764,4.270695952029551,0.691153161953081,3.8187108282864943,0.691153161953081,5.523458920524919,3.7316994512968646,4.270695952029551,3.914021008090819,0.691153161953081])",1.0
R131,collection adult season. manager chance simply travel. interview page water give attorney during. experts discuss ongoing developments education.,"(10000,[72,346,1642,1652,2589,2827,2959,3614,3783,4506,4687,4853,5047,6035,7098,7140,8209,9462],[3.8187108282864943,4.270695952029551,4.137164559405029,3.8187108282864943,4.270695952029551,3.7316994512968646,5.523458920524919,0.6792718340663283,4.270695952029551,0.691153161953081,0.691153161953081,4.607168188650764,2.6902455764687034,4.019381523748645,4.42484663185681,4.607168188650764,4.830311739964974,0.691153161953081])",1.0
F107,assume effect save owner floor. writer particular ten trip hold. hospital appear property page work. check situation goal avoid discuss treatment. — shocking claims flat earth surface internet.,"(10000,[23,360,503,1388,2664,2733,2827,2918,2920,3136,3143,3614,3901,4520,4930,5085,5089,5782,5850,6053,6324,6906,7281,7936,8182,8338,8984,9676],[5.523458920524919,5.523458920524919,0.691153161953081,4.607168188650764,4.137164559405029,4.019381523748645,3.7316994512968646,3.0385522707369192,4.607168188650764,4.270695952029551,4.830311739964974,0.6792718340663283,4.270695952029551,4.019381523748645,4.137164559405029,4.019381523748645,4.42484663185681,4.270695952029551,0.691153161953081,3.577548771469606,4.019381523748645,4.270695952029551,0.6871770135734415,0.691153161953081,4.019381523748645,0.691153161953081,4.137164559405029,3.0385522707369192])",0.0
F153,future plant thing commercial purpose. month prevent film claim moment. — shocking claims hoax surface internet.,"(10000,[503,3252,3857,4096,4377,5003,5741,5850,6443,6488,7244,7281,7936,8338,8734,8937],[0.691153161953081,4.137164559405029,4.270695952029551,5.523458920524919,2.60568818844064,3.914021008090819,4.270695952029551,0.691153161953081,3.383392757028649,3.914021008090819,3.4440173788450834,0.6871770135734415,0.691153161953081,0.691153161953081,5.523458920524919,4.137164559405029])",0.0
F091,around tonight safe. return strong those. tonight region prevent candidate heavy. — shocking claims flat earth surface internet.,"(10000,[503,635,1411,1657,2091,2918,3252,3389,4358,5850,6197,6355,7281,7936,8159,8338,9676],[0.691153161953081,4.137164559405029,5.117993812416755,5.523458920524919,5.523458920524919,3.0385522707369192,4.137164559405029,9.214336377301528,4.137164559405029,0.691153161953081,3.914021008090819,4.270695952029551,0.6871770135734415,0.691153161953081,4.019381523748645,0.691153161953081,3.0385522707369192])",0.0
R246,second blood create consumer concern. parent store behind end he. experts discuss ongoing developments economic growth.,"(10000,[453,1404,2359,3614,4346,4506,4687,7184,8257,9034,9144,9256,9462,9475,9719,9932],[3.8187108282864943,4.830311739964974,4.42484663185681,0.6792718340663283,3.914021008090819,0.691153161953081,0.691153161953081,4.42484663185681,5.117993812416755,2.920769235080536,2.7508701982851385,4.137164559405029,0.691153161953081,4.270695952029551,4.830311739964974,4.830311739964974])",1.0
F004,save employee dark eight. pull number stuff apply so. everybody develop including able owner themselves. — shocking claims secret cure surface internet.,"(10000,[460,503,697,1241,1783,2561,3496,3892,4520,5850,5853,6053,6548,6597,6747,7281,7312,7334,7722,7936,8338,8519],[5.523458920524919,0.691153161953081,4.607168188650764,3.914021008090819,5.523458920524919,4.019381523748645,4.42484663185681,2.5530444549552183,4.019381523748645,0.691153161953081,5.117993812416755,3.577548771469606,4.137164559405029,4.137164559405029,2.5530444549552183,0.6871770135734415,4.607168188650764,4.137164559405029,4.270695952029551,0.691153161953081,0.691153161953081,4.42484663185681])",0.0
F220,better race measure north draw particular everyone. study mr year others music. medical vote receive one determine ask side. — shocking claims celebrity scandal surface internet.,"(10000,[454,503,528,815,1675,1778,2543,2647,3486,3507,3924,4224,4617,4921,5563,5850,6940,7281,7734,7936,8167,8268,8338,8899,8984,9214],[3.172083663361442,0.691153161953081,4.270695952029551,4.019381523748645,4.830311739964974,4.830311739964974,3.2208738275308737,4.270695952029551,2.849310271098391,4.270695952029551,3.383392757028649,4.42484663185681,4.42484663185681,2.849310271098391,5.117993812416755,0.691153161953081,3.4440173788450834,0.6871770135734415,4.019381523748645,0.691153161953081,4.019381523748645,4.019381523748645,0.691153161953081,3.8187108282864943,4.137164559405029,3.7316994512968646])",0.0
F121,office rock either others rise. perform future network. hard quickly something. — shocking claims hoax surface internet.,"(10000,[503,574,1098,3391,4240,4377,4554,5125,5850,6488,6940,7281,7515,7936,8338,8344,9126],[0.691153161953081,4.019381523748645,3.577548771469606,4.830311739964974,5.117993812416755,2.60568818844064,5.523458920524919,4.137164559405029,0.691153161953081,3.914021008090819,3.4440173788450834,0.6871770135734415,5.117993812416755,0.691153161953081,0.691153161953081,4.019381523748645,3.914021008090819])",0.0
F245,person act perform property. probably floor others event always similar. trouble special week institution wife. — shocking claims mind control surface internet.,"(10000,[503,1055,1098,1208,1776,2297,2909,3184,3243,3249,4319,5122,5399,5850,6928,6940,7281,7728,7936,8208,8338,9011],[0.691153161953081,4.019381523748645,3.577548771469606,2.661258039595451,4.137164559405029,4.607168188650764,4.137164559405029,2.920769235080536,4.42484663185681,3.6516567436233283,3.8187108282864943,4.137164559405029,4.607168188650764,0.691153161953081,4.137164559405029,3.4440173788450834,0.6871770135734415,4.137164559405029,0.691153161953081,5.117993812416755,0.691153161953081,4.019381523748645])",0.0
R035,benefit part present similar. cut next ready green long. experts discuss ongoing developments climate change.,"(10000,[273,551,821,1206,1776,2059,3614,4506,4687,5653,6557,8130,8273,8740,9462],[4.830311739964974,4.607168188650764,2.849310271098391,4.270695952029551,4.137164559405029,2.6902455764687034,0.6792718340663283,0.691153161953081,0.691153161953081,4.270695952029551,3.7316994512968646,4.270695952029551,4.830311739964974,4.019381523748645,0.691153161953081])",1.0
R024,forget meeting concern. land health determine. room little season. experts discuss ongoing developments education.,"(10000,[20,494,1590,3614,4506,4687,5047,7140,7146,7148,8512,8805,9462,9719],[3.914021008090819,4.270695952029551,3.5085558999826545,0.6792718340663283,0.691153161953081,0.691153161953081,2.6902455764687034,4.607168188650764,4.830311739964974,4.137164559405029,5.117993812416755,4.607168188650764,0.691153161953081,4.830311739964974])",1.0
F079,race foot view begin much customer gas. air grow two indeed health. — shocking claims miracle drug surface internet.,"(10000,[88,454,503,524,1256,1413,1513,2404,4728,4934,5850,6219,7281,7293,7860,7890,7936,8338,9544],[4.019381523748645,3.172083663361442,0.691153161953081,3.4440173788450834,3.125563647726549,4.270695952029551,3.914021008090819,4.137164559405029,3.6516567436233283,4.830311739964974,0.691153161953081,3.0385522707369192,0.6871770135734415,4.607168188650764,2.997730276216664,4.42484663185681,0.691153161953081,0.691153161953081,5.117993812416755])",0.0
R094,improve group call stock break. second course consumer. experts discuss ongoing developments policy.,"(10000,[793,2408,3614,3652,4506,4687,5094,5146,6944,7766,9256,9462,9640],[4.137164559405029,4.137164559405029,0.6792718340663283,4.019381523748645,0.691153161953081,0.691153161953081,4.607168188650764,3.8187108282864943,2.8154087194227095,4.270695952029551,4.137164559405029,0.691153161953081,4.607168188650764])",1.0
R040,drug authority successful risk travel picture officer. account skin prevent. experts discuss ongoing developments policy.,"(10000,[1176,2338,2481,3614,4506,4687,5659,5833,6511,6944,7860,8681,8794,9187,9462],[4.270695952029551,5.117993812416755,4.019381523748645,0.6792718340663283,0.691153161953081,0.691153161953081,4.270695952029551,4.42484663185681,5.117993812416755,2.8154087194227095,2.997730276216664,4.019381523748645,4.019381523748645,4.607168188650764,0.691153161953081])",1.0
F170,great four heart. significant design huge. — shocking claims immortal jellyfish surface internet.,"(10000,[503,691,750,1243,2066,3922,5321,5850,7281,7936,8338,8552,9876],[0.691153161953081,4.830311739964974,4.137164559405029,3.6516567436233283,2.7508701982851385,5.117993812416755,4.137164559405029,0.691153161953081,0.6871770135734415,0.691153161953081,0.691153161953081,4.137164559405029,2.7508701982851385])",0.0
F130,style expert finish. western vote minute level whose director director here. garden range group high mission. tell perform information other. — shocking claims immortal jellyfish surface internet.,"(10000,[165,503,524,914,1098,1499,1850,1853,2066,2116,3357,4489,5850,5936,7008,7281,7688,7766,7936,8000,8190,8338,9214,9231,9539,9876],[4.137164559405029,0.691153161953081,3.4440173788450834,4.270695952029551,3.577548771469606,4.607168188650764,3.8187108282864943,8.541391904059102,2.7508701982851385,4.137164559405029,4.42484663185681,5.117993812416755,0.691153161953081,4.270695952029551,4.830311739964974,0.6871770135734415,5.523458920524919,4.270695952029551,0.691153161953081,4.270695952029551,4.830311739964974,0.691153161953081,3.7316994512968646,4.607168188650764,4.019381523748645,2.7508701982851385])",0.0
R085,pressure challenge standard set series effort summer suggest. rather whatever everybody year. face realize audience each. check dream tv free enough. experts discuss ongoing developments economic growth.,"(10000,[197,1073,1312,1582,2366,2561,2837,2967,3478,3614,3901,4034,4463,4506,4547,4687,5342,5661,5726,5935,6021,7517,7695,9034,9144,9462,9481],[4.830311739964974,4.42484663185681,5.117993812416755,4.270695952029551,3.914021008090819,4.019381523748645,4.270695952029551,4.137164559405029,5.523458920524919,0.6792718340663283,4.270695952029551,3.914021008090819,4.607168188650764,0.691153161953081,4.019381523748645,0.691153161953081,4.42484663185681,4.830311739964974,4.42484663185681,3.7316994512968646,4.137164559405029,4.830311739964974,4.830311739964974,2.920769235080536,2.7508701982851385,0.691153161953081,4.830311739964974])",1.0
R054,describe something hour provide responsibility add. something energy lose. experts discuss ongoing developments budget report.,"(10000,[527,3502,3614,4506,4687,4991,5017,5432,5946,7085,8307,8344,9462,9826],[4.42484663185681,4.607168188650764,0.6792718340663283,0.691153161953081,0.691153161953081,2.503034034380557,5.523458920524919,2.7508701982851385,4.42484663185681,3.8187108282864943,4.019381523748645,4.019381523748645,0.691153161953081,8.84969326371362])",1.0
R047,weight continue natural wide decade anything participant. newspaper eye local approach director drop. difficult machine lawyer join commercial event. experts discuss ongoing developments technology breakthrough.,"(10000,[228,743,1020,1341,1712,1762,1853,2114,2227,2836,3095,3238,3614,4506,4687,4988,5279,6030,6443,8004,8040,8852,8952,9021,9462],[3.8187108282864943,4.270695952029551,2.661258039595451,4.607168188650764,4.137164559405029,4.270695952029551,4.270695952029551,4.607168188650764,2.7200985396183848,3.7316994512968646,4.137164559405029,4.270695952029551,0.6792718340663283,0.691153161953081,0.691153161953081,4.270695952029551,5.117993812416755,4.270695952029551,3.383392757028649,4.137164559405029,3.914021008090819,5.523458920524919,4.270695952029551,4.270695952029551,0.691153161953081])",1.0
R199,give agent subject. student animal wait finish fine sing. experts discuss ongoing developments economic growth.,"(10000,[3536,3614,3783,4066,4506,4687,5016,5477,6431,6578,7360,9034,9144,9189,9462],[4.270695952029551,0.6792718340663283,4.270695952029551,4.607168188650764,0.691153161953081,0.691153161953081,3.8187108282864943,4.270695952029551,4.42484663185681,3.8187108282864943,4.42484663185681,2.920769235080536,2.7508701982851385,4.137164559405029,0.691153161953081])",1.0
F062,almost adult consider. move soon difficult use. — shocking claims miracle drug surface internet.,"(10000,[72,503,1041,1256,1712,5850,6282,6751,7281,7860,7936,8338,8566,9021],[3.8187108282864943,0.691153161953081,4.607168188650764,3.125563647726549,4.137164559405029,0.691153161953081,4.270695952029551,4.830311739964974,0.6871770135734415,2.997730276216664,0.691153161953081,0.691153161953081,4.270695952029551,4.270695952029551])",0.0
R244,choice matter every community reveal base night. partner relationship probably. risk past keep keep player marriage. experts discuss ongoing developments technology breakthrough.,"(10000,[116,1020,1344,1507,2227,2402,3222,3614,4260,4506,4687,5415,6053,6604,8173,8174,8794,9275,9462,9594,9681],[3.577548771469606,2.661258039595451,4.830311739964974,4.270695952029551,2.7200985396183848,4.607168188650764,5.117993812416755,0.6792718340663283,4.270695952029551,0.691153161953081,0.691153161953081,4.830311739964974,3.577548771469606,4.42484663185681,3.8187108282864943,4.42484663185681,4.019381523748645,4.607168188650764,0.691153161953081,9.214336377301528,4.019381523748645])",1.0
R107,early pretty figure. able enjoy sense fight beautiful necessary will. experts discuss ongoing developments election.,"(10000,[1273,1805,2526,3496,3556,3614,3919,4092,4247,4506,4687,5447,7979,8656,9462],[3.3262343431887,3.8187108282864943,4.137164559405029,4.42484663185681,2.8844015909096608,0.6792718340663283,4.019381523748645,4.137164559405029,5.523458920524919,0.691153161953081,0.691153161953081,3.2208738275308737,3.914021008090819,5.117993812416755,0.691153161953081])",1.0
F148,hand consider huge including. matter foreign take network mouth. — shocking claims aliens surface internet.,"(10000,[312,503,650,855,2198,2402,3283,3423,5850,6206,7281,7936,8338,8888,9152],[4.019381523748645,0.691153161953081,2.958509563063383,4.270695952029551,4.270695952029551,4.607168188650764,5.117993812416755,4.137164559405029,0.691153161953081,3.7316994512968646,0.6871770135734415,0.691153161953081,0.691153161953081,5.117993812416755,4.019381523748645])",0.0
F023,door foot put recognize traditional. couple tv say partner staff condition. resource discussion toward should. — shocking claims mind control surface internet.,"(10000,[116,320,503,1208,1670,2900,3184,3194,4547,4847,5315,5850,5862,6224,7281,7702,7723,7890,7936,8171,8338,8871],[3.577548771469606,4.42484663185681,0.691153161953081,2.661258039595451,4.42484663185681,5.523458920524919,2.920769235080536,4.607168188650764,4.019381523748645,4.270695952029551,4.137164559405029,0.691153161953081,3.577548771469606,4.019381523748645,0.6871770135734415,4.137164559405029,5.117993812416755,4.42484663185681,0.691153161953081,4.42484663185681,0.691153161953081,4.019381523748645])",0.0
R075,want task thus in. tax head record statement paper. actually recently artist debate despite. experts discuss ongoing developments budget report.,"(10000,[1064,1936,2034,3614,4330,4347,4506,4687,4991,5432,5684,6447,6587,7712,8276,8451,8931,9462,9766,9817],[5.117993812416755,4.830311739964974,4.019381523748645,0.6792718340663283,5.117993812416755,3.914021008090819,0.691153161953081,0.691153161953081,2.503034034380557,2.7508701982851385,4.137164559405029,4.607168188650764,3.914021008090819,4.607168188650764,4.607168188650764,4.607168188650764,4.42484663185681,0.691153161953081,4.607168188650764,4.019381523748645])",1.0
R220,sit majority month people wrong last. recently college address foreign civil. soon serious recent ahead. experts discuss ongoing developments public health.,"(10000,[1041,1117,1770,2034,3039,3614,4263,4454,4464,4506,4687,5591,5741,6206,6219,6512,6946,8057,9244,9462,9663],[4.607168188650764,4.019381523748645,3.125563647726549,4.019381523748645,5.117993812416755,0.6792718340663283,3.6516567436233283,4.42484663185681,4.607168188650764,0.691153161953081,0.691153161953081,3.8187108282864943,4.270695952029551,3.7316994512968646,3.0385522707369192,3.6516567436233283,3.7316994512968646,4.137164559405029,4.42484663185681,0.691153161953081,4.830311739964974])",1.0
R099,sense task late make look choice. various office treatment despite per. experts discuss ongoing developments economic growth.,"(10000,[779,1236,1301,3079,3525,3614,4506,4687,5447,6647,8015,8344,8451,9034,9144,9462,9939],[4.830311739964974,4.830311739964974,4.137164559405029,3.914021008090819,4.270695952029551,0.6792718340663283,0.691153161953081,0.691153161953081,3.2208738275308737,4.270695952029551,4.137164559405029,4.019381523748645,4.607168188650764,2.920769235080536,2.7508701982851385,0.691153161953081,4.830311739964974])",1.0
F066,assume admit partner far share expert beautiful. rate sell international role change member station address. fear likely among keep new heart. — shocking claims flat earth surface internet.,"(10000,[116,188,253,309,387,503,585,691,870,914,1259,2664,2918,3350,3947,4158,4485,5850,6790,7281,7362,7936,8338,8415,8714,9513,9594,9676],[3.577548771469606,4.270695952029551,4.607168188650764,3.6516567436233283,4.137164559405029,0.691153161953081,3.5085558999826545,4.830311739964974,4.830311739964974,4.270695952029551,3.8187108282864943,4.137164559405029,3.0385522707369192,4.137164559405029,4.019381523748645,4.270695952029551,4.270695952029551,0.691153161953081,4.137164559405029,0.6871770135734415,4.830311739964974,0.691153161953081,0.691153161953081,4.019381523748645,4.42484663185681,3.914021008090819,4.607168188650764,3.0385522707369192])",0.0
F060,ball show center worry contain article. security end agent part program. word table it. — shocking claims flat earth surface internet.,"(10000,[453,503,1480,2634,2918,3519,3931,4019,5016,5850,6340,7025,7281,7492,7493,7805,7936,8338,8343,8740,9676],[3.8187108282864943,0.691153161953081,4.607168188650764,4.137164559405029,3.0385522707369192,4.607168188650764,3.8187108282864943,4.270695952029551,3.8187108282864943,0.691153161953081,5.523458920524919,5.117993812416755,0.6871770135734415,4.137164559405029,4.137164559405029,5.523458920524919,0.691153161953081,0.691153161953081,4.607168188650764,4.019381523748645,3.0385522707369192])",0.0
F022,lawyer firm main seek ahead. seek food drop lot fast. voice loss pay close consumer. — shocking claims government cover-up surface internet.,"(10000,[171,503,1637,2259,3497,3530,4831,4897,4943,5094,5329,5850,7281,7936,8338,8577,8653,8894,9021,9663,9813],[7.828042016181638,0.691153161953081,4.019381523748645,2.8154087194227095,3.7316994512968646,4.137164559405029,4.830311739964974,5.117993812416755,3.914021008090819,4.607168188650764,4.137164559405029,0.691153161953081,0.6871770135734415,0.691153161953081,0.691153161953081,4.137164559405029,4.270695952029551,4.137164559405029,4.270695952029551,4.830311739964974,2.997730276216664])",0.0
F127,staff thus although structure suffer item. surface ever stock part identify assume. drop discussion world center. — shocking claims mind control surface internet.,"(10000,[503,793,1208,2996,3184,3967,5315,5594,5684,5850,6135,6224,6575,7281,7299,7779,7936,8338,8550,8577,8740,9360],[0.691153161953081,4.137164559405029,2.661258039595451,3.3262343431887,2.920769235080536,4.137164559405029,4.137164559405029,4.270695952029551,4.137164559405029,0.691153161953081,3.7316994512968646,4.019381523748645,5.523458920524919,1.374354027146883,5.523458920524919,3.8187108282864943,0.691153161953081,0.691153161953081,5.523458920524919,4.137164559405029,4.019381523748645,3.7316994512968646])",0.0
R212,shake high magazine two wind quite near as. year simple name least. experts discuss ongoing developments education.,"(10000,[15,2116,2180,2558,2913,3163,3614,4506,4687,4728,5047,5974,6035,6056,8413,8899,9462],[4.270695952029551,4.137164559405029,4.019381523748645,4.270695952029551,3.8187108282864943,4.830311739964974,0.6792718340663283,0.691153161953081,0.691153161953081,3.6516567436233283,2.6902455764687034,3.8187108282864943,4.019381523748645,4.019381523748645,3.4440173788450834,3.8187108282864943,0.691153161953081])",1.0
F119,lay travel wrong trial clear father get. recently low fish road social development. — shocking claims mind control surface internet.,"(10000,[503,823,913,1208,1376,1611,1800,2034,2147,3184,3410,4475,5725,5850,6512,7281,7936,8338,8411,8681],[0.691153161953081,3.7316994512968646,4.830311739964974,2.661258039595451,4.019381523748645,4.42484663185681,4.830311739964974,4.019381523748645,4.607168188650764,2.920769235080536,3.914021008090819,4.42484663185681,4.019381523748645,0.691153161953081,3.6516567436233283,0.6871770135734415,0.691153161953081,0.691153161953081,3.577548771469606,4.019381523748645])",0.0
F103,end building member call choose. carry man quality trial section control girl. — shocking claims hoax surface internet.,"(10000,[453,454,503,1208,2569,3410,3506,4333,4377,5146,5850,5852,6790,6968,7281,7370,7936,8338],[3.8187108282864943,3.172083663361442,0.691153161953081,2.661258039595451,3.577548771469606,3.914021008090819,4.830311739964974,5.117993812416755,2.60568818844064,3.8187108282864943,0.691153161953081,4.270695952029551,4.137164559405029,4.137164559405029,0.6871770135734415,4.830311739964974,0.691153161953081,0.691153161953081])",0.0
F191,certainly movie cold class. indicate car employee. — shocking claims mind control surface internet.,"(10000,[503,673,1208,1439,3184,3674,3920,5241,5850,6485,7281,7936,8338,8408],[0.691153161953081,4.270695952029551,2.661258039595451,4.42484663185681,2.920769235080536,4.830311739964974,4.137164559405029,5.117993812416755,0.691153161953081,4.607168188650764,0.6871770135734415,0.691153161953081,0.691153161953081,4.137164559405029])",0.0
F002,involve increase determine program maybe. front far marriage industry official window. — shocking claims mind control surface internet.,"(10000,[503,504,573,619,1208,2875,3010,3184,4158,5850,6229,6271,7281,7734,7936,7963,8338,8485],[0.691153161953081,3.8187108282864943,4.137164559405029,4.830311739964974,2.661258039595451,4.830311739964974,4.830311739964974,2.920769235080536,4.270695952029551,0.691153161953081,4.42484663185681,4.270695952029551,0.6871770135734415,4.019381523748645,0.691153161953081,4.019381523748645,0.691153161953081,4.270695952029551])",0.0
R155,environmental cover final ago before. face people turn. available republican phone change agent. experts discuss ongoing developments election.,"(10000,[387,1626,1653,1896,2475,3334,3556,3614,4034,4263,4506,4616,4687,6027,6104,7696,8012,9462],[4.137164559405029,4.137164559405029,5.117993812416755,3.914021008090819,3.8187108282864943,4.607168188650764,2.8844015909096608,0.6792718340663283,3.914021008090819,3.6516567436233283,0.691153161953081,4.137164559405029,0.691153161953081,4.42484663185681,4.270695952029551,5.117993812416755,5.523458920524919,0.691153161953081])",1.0
R006,hundred letter institution. music will. experts discuss ongoing developments technology breakthrough.,"(10000,[564,1020,2227,3614,4506,4687,5175,6370,7180,8656,9462],[3.914021008090819,2.661258039595451,2.7200985396183848,0.6792718340663283,0.691153161953081,0.691153161953081,3.914021008090819,5.117993812416755,5.117993812416755,5.117993812416755,0.691153161953081])",1.0
F086,determine eight customer. political girl practice ever cause accept from. marriage impact beautiful. — shocking claims government cover-up surface internet.,"(10000,[316,503,870,1029,1972,2259,2657,3495,3935,4280,5594,5850,6229,6714,7281,7734,7936,8338,8482,9813],[4.019381523748645,0.691153161953081,4.830311739964974,3.914021008090819,4.42484663185681,2.8154087194227095,3.577548771469606,5.117993812416755,3.6516567436233283,3.6516567436233283,4.270695952029551,0.691153161953081,4.42484663185681,4.830311739964974,0.6871770135734415,4.019381523748645,0.691153161953081,0.691153161953081,4.270695952029551,2.997730276216664])",0.0
R168,send consumer mean long. manager someone fund reflect television. experts discuss ongoing developments election.,"(10000,[273,909,1365,1652,3556,3614,3671,4506,4638,4687,5321,5523,9462,9475],[4.830311739964974,4.607168188650764,4.830311739964974,3.8187108282864943,2.8844015909096608,0.6792718340663283,4.137164559405029,0.691153161953081,3.8187108282864943,0.691153161953081,4.137164559405029,4.42484663185681,0.691153161953081,4.270695952029551])",1.0
R077,spring least hit before. operation apply hold room. condition production help. experts discuss ongoing developments public health.,"(10000,[1634,1644,1770,2366,2389,3614,3952,4506,4687,5328,5922,6219,7312,7696,8252,8353,9462],[4.830311739964974,4.830311739964974,3.125563647726549,3.914021008090819,5.117993812416755,0.6792718340663283,4.830311739964974,0.691153161953081,0.691153161953081,3.4440173788450834,4.137164559405029,3.0385522707369192,4.607168188650764,5.117993812416755,4.270695952029551,4.42484663185681,0.691153161953081])",1.0
F209,reality relationship start first move stand. piece tend country box suffer day real understand. shake reflect go budget bed sea others. — shocking claims hoax surface internet.,"(10000,[503,680,1810,2180,2996,3133,4260,4377,4673,4991,5321,5850,6090,6135,6282,6403,6451,7281,7870,7922,7936,8338,8413,9133,9497,9617,9691],[0.691153161953081,4.019381523748645,4.137164559405029,4.019381523748645,3.3262343431887,4.42484663185681,4.270695952029551,2.60568818844064,5.117993812416755,2.503034034380557,4.137164559405029,0.691153161953081,5.117993812416755,3.7316994512968646,4.270695952029551,4.137164559405029,4.137164559405029,0.6871770135734415,4.270695952029551,4.607168188650764,0.691153161953081,0.691153161953081,3.4440173788450834,4.830311739964974,4.137164559405029,4.270695952029551,4.830311739964974])",0.0
R236,media generation space skin truth whether. ball senior draw follow tell. experts discuss ongoing developments public health.,"(10000,[1209,1770,2069,3614,4144,4506,4687,5833,6219,6547,6963,7492,8167,9083,9188,9367,9462],[4.270695952029551,3.125563647726549,4.137164559405029,0.6792718340663283,4.137164559405029,0.691153161953081,0.691153161953081,4.42484663185681,3.0385522707369192,5.117993812416755,4.607168188650764,4.137164559405029,4.019381523748645,4.607168188650764,4.607168188650764,4.019381523748645,0.691153161953081])",1.0
F186,expect shoulder break. direction nation wait call risk often. budget sister staff win environment put. — shocking claims aliens surface internet.,"(10000,[503,650,2398,2407,3521,3691,4014,4991,5146,5476,5477,5850,6224,6756,7281,7936,8338,8554,8757,8794,9640],[0.691153161953081,2.958509563063383,3.914021008090819,4.830311739964974,4.019381523748645,4.42484663185681,3.914021008090819,2.503034034380557,3.8187108282864943,4.830311739964974,4.270695952029551,0.691153161953081,4.019381523748645,3.8187108282864943,0.6871770135734415,0.691153161953081,0.691153161953081,4.137164559405029,5.117993812416755,4.019381523748645,4.607168188650764])",0.0
R243,trouble imagine make front discover. former hundred response wide. experts discuss ongoing developments public health.,"(10000,[504,1770,1848,2445,2909,3525,3614,4160,4321,4506,4687,5175,5301,6219,9462],[3.8187108282864943,3.125563647726549,5.523458920524919,4.270695952029551,4.137164559405029,4.270695952029551,0.6792718340663283,4.42484663185681,5.117993812416755,0.691153161953081,0.691153161953081,3.914021008090819,4.830311739964974,3.0385522707369192,0.691153161953081])",1.0
F094,available television building project economy. scene model question alone parent. reflect appear take finish take system material force. — shocking claims immortal jellyfish surface internet.,"(10000,[503,855,2066,2230,2475,2492,2947,3231,3996,4683,5321,5844,5850,5852,6291,6578,7102,7281,7936,7958,8182,8338,8713,9876],[0.691153161953081,8.541391904059102,2.7508701982851385,3.914021008090819,3.8187108282864943,3.7316994512968646,4.137164559405029,4.270695952029551,4.270695952029551,5.117993812416755,4.137164559405029,4.42484663185681,0.691153161953081,4.270695952029551,5.117993812416755,3.8187108282864943,4.42484663185681,0.6871770135734415,0.691153161953081,5.117993812416755,4.019381523748645,0.691153161953081,4.137164559405029,2.7508701982851385])",0.0
R032,record discussion concern win memory adult least. experts discuss ongoing developments economic growth.,"(10000,[72,1968,2398,3163,3614,4347,4506,4687,5315,6941,9034,9144,9462],[3.8187108282864943,4.830311739964974,3.914021008090819,4.830311739964974,0.6792718340663283,3.914021008090819,0.691153161953081,0.691153161953081,4.137164559405029,4.270695952029551,2.920769235080536,2.7508701982851385,0.691153161953081])",1.0
R033,value improve style beautiful miss fine father. arrive including ball sound. experts discuss ongoing developments education.,"(10000,[1071,1273,2408,3614,4506,4687,5047,5401,6431,7334,7391,7403,7492,8000,9132,9462],[4.607168188650764,3.3262343431887,4.137164559405029,0.6792718340663283,0.691153161953081,0.691153161953081,2.6902455764687034,3.914021008090819,4.42484663185681,4.137164559405029,4.607168188650764,3.8187108282864943,4.137164559405029,4.270695952029551,4.830311739964974,0.691153161953081])",1.0
R045,include star second. agreement member house fact catch purpose nor. management wear loss appear risk customer. store factor professional learn risk. experts discuss ongoing developments technology breakthrough.,"(10000,[190,1020,1241,2155,2227,2953,3614,4506,4687,5170,5329,5836,5967,6581,6711,6714,6790,7184,7215,7949,8089,8182,8413,8439,8794,9462,9561],[4.830311739964974,2.661258039595451,3.914021008090819,4.019381523748645,2.7200985396183848,5.117993812416755,0.6792718340663283,0.691153161953081,0.691153161953081,4.607168188650764,4.137164559405029,4.137164559405029,4.270695952029551,4.137164559405029,5.117993812416755,4.830311739964974,4.137164559405029,4.42484663185681,4.137164559405029,4.270695952029551,4.42484663185681,4.019381523748645,3.4440173788450834,4.830311739964974,4.019381523748645,0.691153161953081,4.270695952029551])",1.0
R116,thought mr author series must admit student. moment since already fall something explain. experts discuss ongoing developments education.,"(10000,[55,594,1023,1099,2647,3401,3605,3614,3729,4463,4506,4687,5047,6287,8714,9350,9462,9826],[4.137164559405029,5.117993812416755,4.019381523748645,5.117993812416755,4.270695952029551,4.019381523748645,5.117993812416755,0.6792718340663283,4.830311739964974,4.607168188650764,0.691153161953081,0.691153161953081,2.6902455764687034,4.137164559405029,4.42484663185681,4.019381523748645,0.691153161953081,4.42484663185681])",1.0
F056,might live free. wind fire bar. watch get standard leave. — shocking claims celebrity scandal surface internet.,"(10000,[493,503,1769,1811,2558,2708,2967,3486,3924,4391,4921,5191,5850,7281,7936,8338,9426],[4.42484663185681,0.691153161953081,5.523458920524919,5.523458920524919,4.270695952029551,3.6516567436233283,4.137164559405029,2.849310271098391,3.383392757028649,4.42484663185681,2.849310271098391,3.8187108282864943,0.691153161953081,0.6871770135734415,0.691153161953081,0.691153161953081,4.607168188650764])",0.0
R043,sing hear without any. experts discuss ongoing developments policy.,"(10000,[3614,4043,4506,4687,4842,5547,6451,6944,9462],[0.6792718340663283,3.8187108282864943,0.691153161953081,0.691153161953081,4.42484663185681,4.830311739964974,4.137164559405029,2.8154087194227095,0.691153161953081])",1.0
R145,step little mouth. use general stage major analysis. see hour dog. outside fish easy run education. experts discuss ongoing developments economic growth.,"(10000,[30,266,527,760,1058,1122,1376,1558,1590,3283,3614,4506,4687,5047,5133,5354,5465,6421,8568,9034,9144,9462],[4.137164559405029,4.019381523748645,4.42484663185681,4.019381523748645,4.019381523748645,4.607168188650764,4.019381523748645,4.607168188650764,3.5085558999826545,5.117993812416755,0.6792718340663283,0.691153161953081,0.691153161953081,2.6902455764687034,4.137164559405029,4.270695952029551,4.270695952029551,5.523458920524919,4.607168188650764,2.920769235080536,2.7508701982851385,0.691153161953081])",1.0
F200,campaign believe see reality. beat according race political or. — shocking claims secret cure surface internet.,"(10000,[454,503,533,2569,3082,3892,3935,5354,5850,6675,6747,7281,7564,7936,8338,9718],[3.172083663361442,0.691153161953081,4.019381523748645,3.577548771469606,5.523458920524919,2.5530444549552183,3.6516567436233283,4.270695952029551,0.691153161953081,4.019381523748645,2.5530444549552183,0.6871770135734415,4.830311739964974,0.691153161953081,0.691153161953081,5.117993812416755])",0.0
F034,need wish provide treatment book. pretty physical ability relationship kitchen different. — shocking claims celebrity scandal surface internet.,"(10000,[495,503,756,3226,3409,3486,3681,3919,4260,4921,5850,5946,6537,7281,7936,8015,8338,8649],[4.019381523748645,0.691153161953081,4.42484663185681,5.117993812416755,5.117993812416755,2.849310271098391,3.914021008090819,4.019381523748645,4.270695952029551,2.849310271098391,0.691153161953081,4.42484663185681,4.607168188650764,0.6871770135734415,0.691153161953081,4.137164559405029,0.691153161953081,4.019381523748645])",0.0
F149,education leg idea debate. ground research mean among people catch. hundred world life firm north. — shocking claims secret cure surface internet.,"(10000,[503,909,2802,3477,3479,3892,4263,5175,5530,5850,5958,6290,6426,6487,6747,7281,7362,7936,8338,8894,9360,9432],[0.691153161953081,4.607168188650764,5.117993812416755,5.117993812416755,5.117993812416755,2.5530444549552183,3.6516567436233283,3.914021008090819,4.019381523748645,0.691153161953081,3.914021008090819,4.607168188650764,5.523458920524919,3.914021008090819,2.5530444549552183,0.6871770135734415,4.830311739964974,0.691153161953081,0.691153161953081,4.137164559405029,3.7316994512968646,4.137164559405029])",0.0
F051,discuss fact bank statement week method benefit. necessary grow foreign job relationship call baby how. — shocking claims secret cure surface internet.,"(10000,[503,557,1348,1840,2404,3614,3892,4260,5122,5146,5850,6015,6021,6206,6747,7215,7281,7936,7979,8338,8982,9817],[0.691153161953081,4.137164559405029,4.019381523748645,5.117993812416755,4.137164559405029,0.6792718340663283,2.5530444549552183,4.270695952029551,4.137164559405029,3.8187108282864943,0.691153161953081,4.607168188650764,4.137164559405029,3.7316994512968646,2.5530444549552183,4.137164559405029,0.6871770135734415,0.691153161953081,3.914021008090819,0.691153161953081,4.830311739964974,4.019381523748645])",0.0
F089,nature seat kitchen government describe building. television officer wrong source west this. trial couple. — shocking claims flat earth surface internet.,"(10000,[47,503,696,708,756,2259,2278,2918,3410,3611,4963,5085,5850,6512,7085,7281,7721,7936,8338,8713,9676],[4.607168188650764,0.691153161953081,4.137164559405029,4.830311739964974,4.42484663185681,2.8154087194227095,5.117993812416755,3.0385522707369192,3.914021008090819,4.42484663185681,4.607168188650764,4.019381523748645,0.691153161953081,3.6516567436233283,3.8187108282864943,0.6871770135734415,4.607168188650764,0.691153161953081,0.691153161953081,4.137164559405029,3.0385522707369192])",0.0
F135,show agent almost finish stuff. four sport cost read. — shocking claims flat earth surface internet.,"(10000,[503,1243,2825,2918,4019,4490,5016,5850,6578,7281,7936,8278,8338,8566,9459,9676],[0.691153161953081,3.6516567436233283,4.830311739964974,3.0385522707369192,4.270695952029551,4.270695952029551,3.8187108282864943,0.691153161953081,3.8187108282864943,0.6871770135734415,0.691153161953081,4.019381523748645,0.691153161953081,4.270695952029551,5.523458920524919,3.0385522707369192])",0.0
F088,body western increase area college first. teacher coach top assume network physical. — shocking claims government cover-up surface internet.,"(10000,[503,524,841,1116,2259,2664,3514,3756,5328,5649,5850,7281,7936,7963,8057,8338,8708,9152,9813],[0.691153161953081,3.4440173788450834,3.8187108282864943,4.270695952029551,2.8154087194227095,4.137164559405029,4.270695952029551,5.117993812416755,3.4440173788450834,4.270695952029551,0.691153161953081,0.6871770135734415,0.691153161953081,4.019381523748645,4.137164559405029,0.691153161953081,4.137164559405029,4.019381523748645,2.997730276216664])",0.0
R010,physical seek town bad. experts discuss ongoing developments election.,"(10000,[171,3556,3614,3935,4506,4687,4715,8649,9462],[3.914021008090819,2.8844015909096608,0.6792718340663283,3.6516567436233283,0.691153161953081,0.691153161953081,4.270695952029551,4.019381523748645,0.691153161953081])",1.0
R211,heavy business later son ability most. choice share third difficult everything. experts discuss ongoing developments policy.,"(10000,[209,560,1599,1712,3614,3681,3947,4442,4506,4687,5374,6053,6944,8771,8949,9462],[3.8187108282864943,4.270695952029551,5.117993812416755,4.137164559405029,0.6792718340663283,3.914021008090819,4.019381523748645,4.830311739964974,0.691153161953081,0.691153161953081,4.270695952029551,3.577548771469606,2.8154087194227095,4.019381523748645,4.42484663185681,0.691153161953081])",1.0
F204,special fact threat. defense son. — shocking claims miracle drug surface internet.,"(10000,[503,1055,1256,1440,3475,3543,5850,7215,7281,7860,7936,8338],[0.691153161953081,4.019381523748645,3.125563647726549,5.117993812416755,5.523458920524919,4.270695952029551,0.691153161953081,4.137164559405029,0.6871770135734415,2.997730276216664,0.691153161953081,0.691153161953081])",0.0
F168,mention north interview start instead nor. wrong compare foreign force think despite. must begin send director senior. sound son way over. — shocking claims miracle drug surface internet.,"(10000,[209,391,503,1023,1256,1513,1778,1853,2335,2907,2996,4202,4330,4527,5523,5850,6035,6166,6206,6512,7281,7860,7936,8338,8438,8439,9246,9391],[3.8187108282864943,4.607168188650764,0.691153161953081,4.019381523748645,3.125563647726549,3.914021008090819,4.830311739964974,4.270695952029551,4.137164559405029,4.42484663185681,3.3262343431887,4.830311739964974,5.117993812416755,4.019381523748645,4.42484663185681,0.691153161953081,4.019381523748645,4.270695952029551,3.7316994512968646,3.6516567436233283,0.6871770135734415,2.997730276216664,0.691153161953081,0.691153161953081,5.523458920524919,4.830311739964974,4.137164559405029,4.019381523748645])",0.0
R011,arm think water listen cup really sit wrong. gun speech about. remain structure short. experts discuss ongoing developments public health.,"(10000,[429,502,746,1770,2176,2335,2589,2996,3059,3614,3984,4112,4506,4687,4905,5205,6219,6946,8313,9462],[4.270695952029551,4.270695952029551,5.117993812416755,3.125563647726549,5.523458920524919,4.137164559405029,4.270695952029551,3.3262343431887,4.270695952029551,0.6792718340663283,4.42484663185681,5.523458920524919,0.691153161953081,0.691153161953081,5.117993812416755,4.607168188650764,3.0385522707369192,3.7316994512968646,4.270695952029551,0.691153161953081])",1.0
R232,nation successful energy. check morning every language. huge sense agency option. experts discuss ongoing developments climate change.,"(10000,[765,821,2059,2198,3160,3614,3901,4014,4506,4687,5447,5659,5779,8569,9462,9681,9998],[3.914021008090819,2.849310271098391,2.6902455764687034,4.270695952029551,4.42484663185681,0.6792718340663283,4.270695952029551,3.914021008090819,0.691153161953081,0.691153161953081,3.2208738275308737,4.270695952029551,4.830311739964974,5.523458920524919,0.691153161953081,4.019381523748645,5.523458920524919])",1.0
R042,protect smile culture. available note building instead prevent fast. experts discuss ongoing developments public health.,"(10000,[1770,2475,2713,3252,3614,4506,4527,4687,4831,5703,5852,6219,7235,9462,9909],[3.125563647726549,3.8187108282864943,4.137164559405029,4.137164559405029,0.6792718340663283,0.691153161953081,4.019381523748645,0.691153161953081,4.830311739964974,5.117993812416755,4.270695952029551,3.0385522707369192,4.607168188650764,0.691153161953081,4.607168188650764])",1.0
F182,resource particularly require college. wish science leave black value friend. — shocking claims hoax surface internet.,"(10000,[495,503,1670,1948,2913,3228,3363,4377,5850,6443,7281,7403,7936,8338,8449,9578],[4.019381523748645,0.691153161953081,4.42484663185681,3.8187108282864943,3.8187108282864943,5.117993812416755,4.42484663185681,2.60568818844064,0.691153161953081,3.383392757028649,0.6871770135734415,3.8187108282864943,0.691153161953081,0.691153161953081,4.607168188650764,5.523458920524919])",0.0
F036,old develop. issue start even congress generation. — shocking claims miracle drug surface internet.,"(10000,[503,1256,2996,4695,5063,5850,6406,6616,7083,7281,7860,7936,8338,8728],[0.691153161953081,3.125563647726549,3.3262343431887,5.117993812416755,5.117993812416755,0.691153161953081,4.137164559405029,3.914021008090819,4.270695952029551,0.6871770135734415,2.997730276216664,0.691153161953081,0.691153161953081,4.019381523748645])",0.0
F068,easy student room hard sister none. usually capital important enjoy occur hand lay. current might affect one. — shocking claims secret cure surface internet.,"(10000,[494,503,760,899,1805,1921,1967,2466,2990,3423,3521,3536,3892,3924,5125,5760,5850,6055,6541,6747,7281,7936,8338,9189],[4.270695952029551,0.691153161953081,4.019381523748645,5.523458920524919,3.8187108282864943,4.019381523748645,4.607168188650764,5.117993812416755,3.914021008090819,4.137164559405029,4.019381523748645,4.270695952029551,2.5530444549552183,3.383392757028649,4.137164559405029,4.270695952029551,0.691153161953081,4.830311739964974,3.914021008090819,2.5530444549552183,0.6871770135734415,0.691153161953081,0.691153161953081,4.137164559405029])",0.0
R015,main use seat. eye six little beautiful pm civil. experts discuss ongoing developments election.,"(10000,[1268,1273,1341,1590,1637,3556,3614,4464,4506,4687,5133,5401,7026,9462],[5.523458920524919,3.3262343431887,4.607168188650764,3.5085558999826545,4.019381523748645,2.8844015909096608,0.6792718340663283,4.607168188650764,0.691153161953081,0.691153161953081,4.137164559405029,3.914021008090819,4.019381523748645,0.691153161953081])",1.0
R147,lot score beat budget himself. realize rule test page. condition hear smile realize. sell move free camera degree. experts discuss ongoing developments climate change.,"(10000,[343,821,1073,1582,1650,1927,2059,2569,2710,2713,3614,3792,3813,4485,4506,4687,4842,4928,4943,4991,5328,6282,6586,9462],[4.019381523748645,2.849310271098391,4.42484663185681,4.270695952029551,4.607168188650764,3.914021008090819,2.6902455764687034,3.577548771469606,4.830311739964974,4.137164559405029,0.6792718340663283,4.270695952029551,5.523458920524919,4.270695952029551,0.691153161953081,0.691153161953081,4.42484663185681,4.830311739964974,3.914021008090819,2.503034034380557,3.4440173788450834,4.270695952029551,4.137164559405029,0.691153161953081])",1.0
F198,grow wife hit situation. husband social bed often smile difference. sit enter personal condition director. group discussion dream leg skill standard. — shocking claims government cover-up surface internet.,"(10000,[7,477,503,823,1112,2259,2366,2404,2713,3021,5315,5328,5850,6290,6946,7208,7281,7435,7766,7936,7939,8252,8338,8408,8915,9497,9813,9968],[4.137164559405029,5.523458920524919,0.691153161953081,3.7316994512968646,4.830311739964974,2.8154087194227095,3.914021008090819,4.137164559405029,4.137164559405029,4.270695952029551,4.137164559405029,3.4440173788450834,0.691153161953081,4.607168188650764,3.7316994512968646,4.42484663185681,0.6871770135734415,4.270695952029551,4.270695952029551,0.691153161953081,4.607168188650764,4.270695952029551,0.691153161953081,4.137164559405029,5.523458920524919,4.137164559405029,2.997730276216664,4.607168188650764])",0.0
R081,air study sit large person suffer. suffer section moment table buy join. general old loss compare. experts discuss ongoing developments climate change.,"(10000,[80,88,821,2059,3249,3401,3614,3931,4224,4506,4570,4687,5329,5465,6135,6731,6946,6968,7022,7083,9462,9994],[4.42484663185681,4.019381523748645,2.849310271098391,2.6902455764687034,3.6516567436233283,4.019381523748645,0.6792718340663283,3.8187108282864943,4.42484663185681,0.691153161953081,5.523458920524919,0.691153161953081,4.137164559405029,4.270695952029551,3.7316994512968646,5.117993812416755,3.7316994512968646,4.137164559405029,4.830311739964974,4.270695952029551,0.691153161953081,5.523458920524919])",1.0
F050,may always event recent study. gun social effect necessary shake short. — shocking claims aliens surface internet.,"(10000,[503,650,746,823,2180,5591,5850,6324,7281,7728,7936,7979,8313,8338,8625,9011,9160],[0.691153161953081,2.958509563063383,5.117993812416755,3.7316994512968646,4.019381523748645,3.8187108282864943,0.691153161953081,4.019381523748645,0.6871770135734415,4.137164559405029,0.691153161953081,3.914021008090819,4.270695952029551,0.691153161953081,5.117993812416755,4.019381523748645,4.830311739964974])",0.0
F162,local fine western response wife. role base part red begin risk decade. prevent movement over. — shocking claims celebrity scandal surface internet.,"(10000,[52,228,503,524,997,1513,2445,3252,3350,3486,4202,4921,5294,5399,5850,6431,7281,7936,8173,8338,8740,8794],[4.830311739964974,3.8187108282864943,0.691153161953081,3.4440173788450834,4.830311739964974,3.914021008090819,4.270695952029551,4.137164559405029,4.137164559405029,2.849310271098391,4.830311739964974,2.849310271098391,4.270695952029551,4.607168188650764,0.691153161953081,4.42484663185681,0.6871770135734415,0.691153161953081,3.8187108282864943,0.691153161953081,4.019381523748645,4.019381523748645])",0.0
R028,might sure teacher others child. trip office make offer manager daughter. wrong model less everything or. experts discuss ongoing developments technology breakthrough.,"(10000,[1020,1195,1652,1655,1821,2227,2958,3525,3614,3924,4506,4687,5782,6512,6836,6940,7102,8344,8708,9156,9462,9718],[2.661258039595451,4.019381523748645,3.8187108282864943,5.117993812416755,4.270695952029551,2.7200985396183848,4.270695952029551,4.270695952029551,0.6792718340663283,3.383392757028649,0.691153161953081,0.691153161953081,4.270695952029551,3.6516567436233283,5.117993812416755,3.4440173788450834,4.42484663185681,4.019381523748645,4.137164559405029,3.7316994512968646,0.691153161953081,5.117993812416755])",1.0
R195,plant hope beautiful appear. along short question open. experts discuss ongoing developments budget report.,"(10000,[1262,1273,1952,2840,2947,3614,4506,4687,4991,5432,6000,7244,7381,9462],[4.137164559405029,3.3262343431887,4.830311739964974,3.6516567436233283,4.137164559405029,0.6792718340663283,0.691153161953081,0.691153161953081,2.503034034380557,2.7508701982851385,3.914021008090819,3.4440173788450834,5.523458920524919,0.691153161953081])",1.0
F116,new truth national institution modern. best available key child detail actually. — shocking claims aliens surface internet.,"(10000,[78,503,585,650,763,1143,2069,2475,3131,3243,3888,5850,7244,7281,7910,7936,8338],[5.523458920524919,0.691153161953081,3.5085558999826545,2.958509563063383,4.830311739964974,4.607168188650764,4.137164559405029,3.8187108282864943,4.607168188650764,4.42484663185681,4.830311739964974,0.691153161953081,3.4440173788450834,0.6871770135734415,4.270695952029551,0.691153161953081,0.691153161953081])",0.0
R018,describe republican determine visit. local clear people point early follow. experts discuss ongoing developments research.,"(10000,[228,371,1611,3614,4092,4263,4416,4506,4616,4687,7066,7085,7734,7870,9462],[3.8187108282864943,4.830311739964974,4.42484663185681,0.6792718340663283,4.137164559405029,3.6516567436233283,4.42484663185681,0.691153161953081,4.137164559405029,0.691153161953081,2.8844015909096608,3.8187108282864943,4.019381523748645,4.270695952029551,0.691153161953081])",1.0
F073,simply level determine beat movement end director. case fall response detail. — shocking claims immortal jellyfish surface internet.,"(10000,[453,503,1499,1642,2066,2336,2445,2569,3729,5294,5850,6342,7281,7734,7936,8338,8408,9876],[3.8187108282864943,0.691153161953081,4.607168188650764,4.137164559405029,2.7508701982851385,4.137164559405029,4.270695952029551,3.577548771469606,4.830311739964974,4.270695952029551,0.691153161953081,4.137164559405029,0.6871770135734415,4.019381523748645,0.691153161953081,0.691153161953081,4.137164559405029,2.7508701982851385])",0.0
F059,impact style wrong glass around page eight commercial. wish likely wear bar deal central. bring beautiful amount practice. develop school recent new first. — shocking claims miracle drug surface internet.,"(10000,[309,495,503,585,1241,1256,1273,1433,1972,2679,2827,3057,3567,3756,4613,5591,5850,6197,6271,6512,6581,6932,7222,7281,7332,7860,7936,8000,8338,8482],[3.6516567436233283,4.019381523748645,0.691153161953081,3.5085558999826545,3.914021008090819,3.125563647726549,3.3262343431887,3.914021008090819,4.42484663185681,4.019381523748645,3.7316994512968646,3.6516567436233283,5.523458920524919,5.117993812416755,4.607168188650764,3.8187108282864943,0.691153161953081,3.914021008090819,4.270695952029551,3.6516567436233283,4.137164559405029,4.270695952029551,4.42484663185681,0.6871770135734415,3.914021008090819,2.997730276216664,0.691153161953081,4.270695952029551,0.691153161953081,4.270695952029551])",0.0
R078,dinner become think cell. fish learn member exactly significant year less hit. experts discuss ongoing developments budget report.,"(10000,[885,1195,1376,2096,2240,2335,3614,4506,4687,4991,5432,5967,6790,7090,8549,8552,8899,9462],[5.117993812416755,4.019381523748645,4.019381523748645,4.830311739964974,4.42484663185681,4.137164559405029,0.6792718340663283,0.691153161953081,0.691153161953081,2.503034034380557,2.7508701982851385,4.270695952029551,4.137164559405029,4.42484663185681,5.117993812416755,4.137164559405029,3.8187108282864943,0.691153161953081])",1.0
F216,side different dog test clear. glass education perform skin. — shocking claims secret cure surface internet.,"(10000,[503,1098,1401,2706,3892,5530,5850,6586,6683,6747,6932,7281,7936,8338,9564,9781],[0.691153161953081,3.577548771469606,5.523458920524919,5.523458920524919,2.5530444549552183,4.019381523748645,0.691153161953081,4.137164559405029,5.117993812416755,2.5530444549552183,4.270695952029551,0.6871770135734415,0.691153161953081,0.691153161953081,4.830311739964974,4.607168188650764])",0.0
F206,even beyond rest might instead thing size. right along film foreign perform big. — shocking claims celebrity scandal surface internet.,"(10000,[503,1098,1790,1890,2708,2840,3486,3857,3924,4527,4921,5003,5850,6206,6406,6532,7281,7936,8338,8900],[0.691153161953081,3.577548771469606,4.607168188650764,5.117993812416755,3.6516567436233283,3.6516567436233283,2.849310271098391,4.270695952029551,3.383392757028649,4.019381523748645,2.849310271098391,3.914021008090819,0.691153161953081,3.7316994512968646,4.137164559405029,5.117993812416755,0.6871770135734415,0.691153161953081,0.691153161953081,4.270695952029551])",0.0
R036,cause agreement see money night rule budget economic. lot candidate responsibility politics. experts discuss ongoing developments research.,"(10000,[211,316,343,2007,3502,3614,4358,4506,4687,4943,4991,5354,6103,6869,7066,8413,9462],[5.117993812416755,4.019381523748645,4.019381523748645,5.117993812416755,4.607168188650764,0.6792718340663283,4.137164559405029,0.691153161953081,0.691153161953081,3.914021008090819,2.503034034380557,4.270695952029551,5.523458920524919,4.019381523748645,2.8844015909096608,3.4440173788450834,0.691153161953081])",1.0
F104,lay throughout news even push western. letter vote culture example top young whose face. — shocking claims aliens surface internet.,"(10000,[503,564,650,2433,3497,4475,5328,5850,5948,5978,6406,7281,7809,7936,8338,8645,9214,9297,9539,9606],[0.691153161953081,3.914021008090819,2.958509563063383,4.137164559405029,3.7316994512968646,4.42484663185681,3.4440173788450834,0.691153161953081,4.607168188650764,4.607168188650764,4.137164559405029,0.6871770135734415,4.607168188650764,0.691153161953081,0.691153161953081,3.914021008090819,3.7316994512968646,5.523458920524919,4.019381523748645,4.019381523748645])",0.0
F000,rather appear central animal compare seem. — shocking claims hoax surface internet.,"(10000,[503,2837,4377,4502,5850,7281,7360,7936,8182,8338,8928,9246],[0.691153161953081,4.270695952029551,2.60568818844064,4.830311739964974,0.691153161953081,0.6871770135734415,4.42484663185681,0.691153161953081,4.019381523748645,0.691153161953081,3.914021008090819,4.137164559405029])",0.0
R136,along although door number season. particular experience sometimes case. experts discuss ongoing developments education.,"(10000,[2840,3614,3635,4506,4687,4847,5047,5869,6752,7140,7779,8519,8984,9462],[3.6516567436233283,0.6792718340663283,4.270695952029551,0.691153161953081,0.691153161953081,4.270695952029551,2.6902455764687034,4.270695952029551,5.523458920524919,4.607168188650764,3.8187108282864943,4.42484663185681,4.137164559405029,0.691153161953081])",1.0
F019,forward serve else usually might term. — shocking claims immortal jellyfish surface internet.,"(10000,[503,1725,2066,2990,3924,5034,5850,6533,7281,7936,8338,8411,9876],[0.691153161953081,4.830311739964974,2.7508701982851385,3.914021008090819,3.383392757028649,4.830311739964974,0.691153161953081,4.607168188650764,0.6871770135734415,0.691153161953081,0.691153161953081,3.577548771469606,2.7508701982851385])",0.0
R012,body kid next doctor college central teacher perform. either structure dog. experts discuss ongoing developments technology breakthrough.,"(10000,[777,841,1020,1122,2227,2996,3614,3723,4506,4687,8057,8273,8708,8928,9126,9462,9513],[4.607168188650764,3.8187108282864943,2.661258039595451,4.607168188650764,2.7200985396183848,3.3262343431887,0.6792718340663283,3.914021008090819,0.691153161953081,0.691153161953081,4.137164559405029,4.830311739964974,4.137164559405029,3.914021008090819,3.914021008090819,0.691153161953081,3.914021008090819])",1.0
R052,mother thus form deep budget coach wait. entire admit. experts discuss ongoing developments education.,"(10000,[354,1762,3514,3614,3761,4506,4687,4991,5047,5621,5684,6063,8824,9462],[4.137164559405029,4.270695952029551,4.270695952029551,0.6792718340663283,5.117993812416755,0.691153161953081,0.691153161953081,2.503034034380557,2.6902455764687034,4.607168188650764,4.137164559405029,4.607168188650764,4.270695952029551,0.691153161953081])",1.0
R123,discover force score responsibility film couple. discuss situation maybe american. experts discuss ongoing developments climate change.,"(10000,[391,708,821,1927,2059,3136,3502,3614,4170,4506,4687,4818,5003,5511,9462],[4.607168188650764,4.830311739964974,2.849310271098391,3.914021008090819,2.6902455764687034,4.270695952029551,4.607168188650764,1.3585436681326566,4.830311739964974,0.691153161953081,0.691153161953081,4.42484663185681,3.914021008090819,5.523458920524919,0.691153161953081])",1.0
F040,send current experience hard sing. little fish soldier pattern involve likely break. standard structure soldier hope. — shocking claims government cover-up surface internet.,"(10000,[309,503,617,1376,1590,2259,2967,2996,3635,4066,4141,5125,5523,5850,6271,7281,7936,8338,9189,9640,9813,9918],[3.6516567436233283,0.691153161953081,4.830311739964974,4.019381523748645,3.5085558999826545,2.8154087194227095,4.137164559405029,3.3262343431887,4.270695952029551,4.607168188650764,8.541391904059102,4.137164559405029,4.42484663185681,0.691153161953081,4.270695952029551,0.6871770135734415,0.691153161953081,0.691153161953081,4.137164559405029,4.607168188650764,2.997730276216664,5.523458920524919])",0.0
R160,however produce range visit mouth network. treat ago near interview. race charge movie boy. experts discuss ongoing developments climate change.,"(10000,[165,454,698,821,911,1439,1648,1896,2059,3614,4506,4687,5138,5974,6812,7497,7515,8046,8750,9462],[4.137164559405029,3.172083663361442,4.607168188650764,2.849310271098391,4.830311739964974,4.42484663185681,4.270695952029551,3.914021008090819,2.6902455764687034,0.6792718340663283,0.691153161953081,0.691153161953081,5.523458920524919,3.8187108282864943,4.830311739964974,3.914021008090819,5.117993812416755,5.117993812416755,4.270695952029551,0.691153161953081])",1.0
F067,face budget moment however. drop run film congress consumer. — shocking claims immortal jellyfish surface internet.,"(10000,[266,503,2066,3401,4034,4991,5003,5094,5850,7281,7936,8338,8577,8728,9261,9876],[4.019381523748645,0.691153161953081,2.7508701982851385,4.019381523748645,3.914021008090819,2.503034034380557,3.914021008090819,4.607168188650764,0.691153161953081,0.6871770135734415,0.691153161953081,0.691153161953081,4.137164559405029,4.019381523748645,5.117993812416755,2.7508701982851385])",0.0
R069,century size difference world voice few. fear country wonder step. expect lot list ready per. experts discuss ongoing developments research.,"(10000,[682,1236,2835,3192,3530,3614,3691,4506,4687,4723,4943,6557,7066,7841,7866,7870,8728,9360,9462,9513],[5.523458920524919,4.830311739964974,5.117993812416755,4.137164559405029,4.137164559405029,0.6792718340663283,4.42484663185681,0.691153161953081,0.691153161953081,5.117993812416755,3.914021008090819,3.7316994512968646,2.8844015909096608,3.8187108282864943,4.42484663185681,4.270695952029551,4.019381523748645,3.7316994512968646,0.691153161953081,3.914021008090819])",1.0
F160,wall attorney. address game get management interest method cell win. cup staff country magazine tax station town value. — shocking claims mind control surface internet.,"(10000,[70,490,503,1208,1241,3059,3184,3210,4102,4454,4715,5850,6015,6224,6404,6436,6587,7281,7870,7936,8338,8413,8415,8975,9426],[4.607168188650764,5.117993812416755,0.691153161953081,2.661258039595451,3.914021008090819,4.270695952029551,2.920769235080536,4.019381523748645,5.523458920524919,4.42484663185681,4.270695952029551,0.691153161953081,4.607168188650764,4.019381523748645,4.019381523748645,5.523458920524919,3.914021008090819,0.6871770135734415,4.270695952029551,0.691153161953081,0.691153161953081,3.4440173788450834,4.019381523748645,4.607168188650764,4.607168188650764])",0.0
F053,remain say million late begin. student month threat recently material. cell light travel create. — shocking claims hoax surface internet.,"(10000,[503,1720,2034,3079,3210,3536,4377,5205,5616,5741,5850,5862,6808,7274,7281,7936,8070,8338,8651,8681],[0.691153161953081,4.607168188650764,4.019381523748645,3.914021008090819,4.019381523748645,4.270695952029551,2.60568818844064,4.607168188650764,4.830311739964974,4.270695952029551,0.691153161953081,3.577548771469606,4.42484663185681,4.830311739964974,0.6871770135734415,0.691153161953081,4.607168188650764,0.691153161953081,4.42484663185681,4.019381523748645])",0.0
R074,property check investment painting. rise group approach likely value street. experts discuss ongoing developments education.,"(10000,[309,1562,2733,3095,3614,3901,4506,4687,4816,5047,7138,7403,7766,9372,9462],[3.6516567436233283,4.607168188650764,4.019381523748645,4.137164559405029,0.6792718340663283,4.270695952029551,0.691153161953081,0.691153161953081,3.7316994512968646,2.6902455764687034,5.117993812416755,3.8187108282864943,4.270695952029551,4.830311739964974,0.691153161953081])",1.0
R007,bill family cold important phone team. season say ok wind also back. experts discuss ongoing developments election.,"(10000,[1626,1967,2110,2358,2558,2645,3556,3614,3792,3920,4506,4687,5862,6021,8135,8297,9462],[4.137164559405029,4.607168188650764,5.117993812416755,4.270695952029551,4.270695952029551,4.137164559405029,2.8844015909096608,0.6792718340663283,4.270695952029551,4.137164559405029,0.691153161953081,0.691153161953081,3.577548771469606,4.137164559405029,4.137164559405029,4.607168188650764,0.691153161953081])",1.0
R119,recently bill. eye politics democrat decide what. experts discuss ongoing developments climate change.,"(10000,[821,1341,2034,2059,3204,3614,4506,4687,5234,5887,8293,8363,9462],[2.849310271098391,4.607168188650764,4.019381523748645,2.6902455764687034,5.117993812416755,0.6792718340663283,0.691153161953081,0.691153161953081,4.607168188650764,3.6516567436233283,4.607168188650764,4.830311739964974,0.691153161953081])",1.0
R087,data deep. experts discuss ongoing developments budget report.,"(10000,[1695,1982,3614,4506,4687,4991,5432,9462],[4.42484663185681,5.117993812416755,0.6792718340663283,0.691153161953081,0.691153161953081,2.503034034380557,2.7508701982851385,0.691153161953081])",1.0
F145,management get security mrs know stand pm begin. mrs study court alone democratic poor key. — shocking claims miracle drug surface internet.,"(10000,[503,1241,1256,2492,2634,4224,4568,4657,5606,5850,6886,7026,7274,7281,7779,7860,7936,8103,8338,9426,9751],[0.691153161953081,3.914021008090819,3.125563647726549,3.7316994512968646,4.137164559405029,4.42484663185681,4.830311739964974,5.523458920524919,4.42484663185681,0.691153161953081,4.830311739964974,4.019381523748645,4.830311739964974,0.6871770135734415,3.8187108282864943,2.997730276216664,0.691153161953081,4.42484663185681,0.691153161953081,4.607168188650764,10.23598762483351])",0.0
R065,son race accept thing employee whatever. assume thing mean western say this. eye grow stuff certain exactly member worry image. experts discuss ongoing developments budget report.,"(10000,[209,454,524,909,1341,1553,2096,2404,2657,2664,3614,3857,4506,4687,4963,4991,5432,5862,6548,6790,7722,8343,9288,9462,9604],[3.8187108282864943,3.172083663361442,3.4440173788450834,4.607168188650764,4.607168188650764,5.117993812416755,4.830311739964974,4.137164559405029,3.577548771469606,4.137164559405029,0.6792718340663283,8.541391904059102,0.691153161953081,0.691153161953081,4.607168188650764,2.503034034380557,2.7508701982851385,3.577548771469606,4.137164559405029,4.137164559405029,4.270695952029551,4.607168188650764,4.607168188650764,0.691153161953081,5.117993812416755])",1.0
R208,unit college general goal. leg alone enough pm time already across. hundred action serve. experts discuss ongoing developments budget report.,"(10000,[594,935,2492,3614,4506,4687,4748,4991,5175,5432,5465,5627,6290,6335,6633,7026,7160,8057,8157,9462],[5.117993812416755,5.117993812416755,3.7316994512968646,0.6792718340663283,0.691153161953081,0.691153161953081,4.019381523748645,2.503034034380557,3.914021008090819,2.7508701982851385,4.270695952029551,5.117993812416755,4.607168188650764,4.270695952029551,4.270695952029551,4.019381523748645,5.117993812416755,4.137164559405029,4.137164559405029,0.691153161953081])",1.0
R048,leave television budget operation easy. start administration lay war coach. seven knowledge pass break son field. experts discuss ongoing developments budget report.,"(10000,[209,668,1479,2913,2996,3132,3614,4175,4475,4506,4687,4991,5185,5432,5922,7850,7864,8392,8713,8719,9462],[3.8187108282864943,4.019381523748645,5.523458920524919,3.8187108282864943,3.3262343431887,5.117993812416755,0.6792718340663283,5.523458920524919,4.42484663185681,0.691153161953081,0.691153161953081,5.006068068761114,4.137164559405029,2.7508701982851385,4.137164559405029,4.019381523748645,4.137164559405029,4.42484663185681,4.137164559405029,4.830311739964974,0.691153161953081])",1.0
F076,skin crime put majority month tv his. act science phone recent. example remember evening between. — shocking claims aliens surface internet.,"(10000,[503,650,731,1626,3011,3363,3754,4547,5286,5685,5741,5833,5850,6928,7117,7281,7936,8338,8871,9244,9606],[0.691153161953081,2.958509563063383,4.42484663185681,4.137164559405029,5.117993812416755,4.42484663185681,5.117993812416755,4.019381523748645,3.8187108282864943,4.019381523748645,4.270695952029551,4.42484663185681,0.691153161953081,4.137164559405029,5.523458920524919,0.6871770135734415,0.691153161953081,0.691153161953081,4.019381523748645,4.42484663185681,4.019381523748645])",0.0
R019,serious live move. light huge approach experience quite police. face act since push resource. experts discuss ongoing developments policy.,"(10000,[493,1117,1720,2198,3095,3614,3635,4034,4391,4506,4687,5760,5978,6056,6287,6484,6928,6944,9462],[4.42484663185681,4.019381523748645,4.607168188650764,4.270695952029551,4.137164559405029,0.6792718340663283,4.270695952029551,3.914021008090819,4.42484663185681,0.691153161953081,0.691153161953081,4.270695952029551,4.607168188650764,4.019381523748645,4.137164559405029,5.117993812416755,4.137164559405029,2.8154087194227095,0.691153161953081])",1.0
F115,attorney month partner team lead i. per hard happy woman ago main. — shocking claims immortal jellyfish surface internet.,"(10000,[116,298,468,503,564,1896,2066,4563,4853,5125,5347,5356,5741,5850,7281,7936,8338,9668,9876],[3.577548771469606,4.270695952029551,4.137164559405029,0.691153161953081,3.914021008090819,3.914021008090819,2.7508701982851385,4.019381523748645,4.607168188650764,4.137164559405029,3.914021008090819,4.42484663185681,4.270695952029551,0.691153161953081,0.6871770135734415,0.691153161953081,0.691153161953081,5.117993812416755,2.7508701982851385])",0.0
R031,become region phone ask theory heavy study. research front use indicate class left. decide body serious put much civil. experts discuss ongoing developments education.,"(10000,[504,524,841,1117,1468,1626,3507,3614,4007,4464,4506,4687,5047,5133,5134,6485,7090,8159,8293,8625,8871,8949,9432,9462],[3.8187108282864943,3.4440173788450834,3.8187108282864943,4.019381523748645,4.42484663185681,4.137164559405029,4.270695952029551,0.6792718340663283,3.914021008090819,4.607168188650764,0.691153161953081,0.691153161953081,2.6902455764687034,4.137164559405029,5.523458920524919,4.607168188650764,4.42484663185681,4.019381523748645,4.607168188650764,5.117993812416755,4.019381523748645,4.42484663185681,4.137164559405029,0.691153161953081])",1.0
R190,compare share contain financial believe. deal open make sister win total. official population young. experts discuss ongoing developments research.,"(10000,[586,1433,2398,3521,3525,3614,3947,4506,4687,5252,5783,6535,7066,7407,7493,8485,9246,9258,9462],[5.117993812416755,3.914021008090819,3.914021008090819,4.019381523748645,4.270695952029551,0.6792718340663283,4.019381523748645,0.691153161953081,0.691153161953081,5.117993812416755,4.270695952029551,4.830311739964974,2.8844015909096608,4.830311739964974,4.137164559405029,4.270695952029551,4.137164559405029,4.607168188650764,0.691153161953081])",1.0
F057,gun attack become. program six hundred body fly within never. — shocking claims mind control surface internet.,"(10000,[503,573,841,1208,3184,5175,5401,5693,5850,5944,7040,7281,7936,8313,8338,9714,9817],[0.691153161953081,4.137164559405029,3.8187108282864943,2.661258039595451,2.920769235080536,3.914021008090819,3.914021008090819,4.607168188650764,0.691153161953081,4.42484663185681,5.117993812416755,0.6871770135734415,0.691153161953081,4.270695952029551,0.691153161953081,5.523458920524919,4.019381523748645])",0.0
F158,sense major car father culture husband. four unit put whatever paper stuff store. — shocking claims immortal jellyfish surface internet.,"(10000,[503,1058,1243,1800,2066,3674,5447,5850,6335,7281,7443,7695,7722,7936,8338,8645,8690,8871,9142,9876],[0.691153161953081,4.019381523748645,3.6516567436233283,4.830311739964974,2.7508701982851385,4.830311739964974,3.2208738275308737,0.691153161953081,4.270695952029551,0.6871770135734415,5.117993812416755,4.830311739964974,4.270695952029551,0.691153161953081,0.691153161953081,3.914021008090819,4.270695952029551,4.019381523748645,5.117993812416755,2.7508701982851385])",0.0
F234,place. give leave whole continue team want. scientist avoid large anyone note. — shocking claims flat earth surface internet.,"(10000,[468,503,627,666,743,1388,2913,2918,3783,4131,5850,6226,7022,7281,7936,8338,9599,9637,9676],[4.137164559405029,0.691153161953081,4.830311739964974,4.607168188650764,4.270695952029551,4.607168188650764,3.8187108282864943,3.0385522707369192,4.270695952029551,4.607168188650764,0.691153161953081,4.42484663185681,4.830311739964974,0.6871770135734415,0.691153161953081,0.691153161953081,5.523458920524919,5.117993812416755,3.0385522707369192])",0.0
F155,character consider class wear third. late wind approach build across describe rate. — shocking claims flat earth surface internet.,"(10000,[312,503,1637,2558,2918,3014,3079,3095,4007,4867,5850,6581,7074,7085,7281,7936,8151,8338,9676],[4.019381523748645,0.691153161953081,4.019381523748645,4.270695952029551,3.0385522707369192,4.270695952029551,3.914021008090819,4.137164559405029,3.914021008090819,3.914021008090819,0.691153161953081,4.137164559405029,3.4440173788450834,3.8187108282864943,0.6871770135734415,0.691153161953081,4.137164559405029,0.691153161953081,3.0385522707369192])",0.0
F106,open positive meet standard. senior long cut yard international others begin. — shocking claims flat earth surface internet.,"(10000,[1,188,424,503,1112,1206,2918,4144,5783,5850,6940,7274,7281,7936,8338,8904,9676,9940],[4.270695952029551,4.270695952029551,3.8187108282864943,0.691153161953081,4.830311739964974,4.270695952029551,3.0385522707369192,4.137164559405029,4.270695952029551,0.691153161953081,3.4440173788450834,4.830311739964974,0.6871770135734415,0.691153161953081,0.691153161953081,4.137164559405029,3.0385522707369192,4.270695952029551])",0.0
R051,place today rich race film. example commercial scientist edge even. mission try specific entire suddenly. everything particular cold suffer. experts discuss ongoing developments policy.,"(10000,[454,2041,2059,3614,3920,3921,4506,4687,4693,5183,6069,6212,6226,6390,6443,6731,6944,7177,8824,8984,9156,9462,9606,9806],[3.172083663361442,5.117993812416755,2.6902455764687034,0.6792718340663283,4.137164559405029,4.019381523748645,0.691153161953081,0.691153161953081,4.607168188650764,5.117993812416755,4.270695952029551,4.830311739964974,4.42484663185681,4.019381523748645,3.383392757028649,5.117993812416755,2.8154087194227095,5.523458920524919,4.270695952029551,4.137164559405029,3.7316994512968646,0.691153161953081,4.019381523748645,4.830311739964974])",1.0
R203,enter watch reveal system. number series board worker put. experts discuss ongoing developments education.,"(10000,[1507,2676,2708,3614,4463,4506,4687,5047,5476,6358,7435,7454,8519,9462],[4.270695952029551,4.137164559405029,3.6516567436233283,0.6792718340663283,4.607168188650764,0.691153161953081,0.691153161953081,2.6902455764687034,4.830311739964974,5.523458920524919,4.270695952029551,4.607168188650764,4.42484663185681,0.691153161953081])",1.0
F063,machine democrat. stay analysis color last. effort list property series. — shocking claims secret cure surface internet.,"(10000,[433,503,1296,2733,3039,3892,5726,5850,6747,7281,7936,8040,8338,8667,8728,9832,9924],[4.42484663185681,0.691153161953081,4.42484663185681,4.019381523748645,5.117993812416755,2.5530444549552183,4.42484663185681,0.691153161953081,2.5530444549552183,0.6871770135734415,0.691153161953081,3.914021008090819,0.691153161953081,4.830311739964974,4.019381523748645,4.137164559405029,5.117993812416755])",0.0
R080,hot half method. experts discuss ongoing developments policy.,"(10000,[1780,3614,4506,4687,6944,8463,9462,9693],[4.137164559405029,0.6792718340663283,0.691153161953081,0.691153161953081,2.8154087194227095,5.523458920524919,0.691153161953081,4.137164559405029])",1.0
R226,case government today think. offer less treat. environmental role old leg. experts discuss ongoing developments public health.,"(10000,[1195,1238,1770,1948,2259,2958,3350,3614,4506,4687,6027,6219,6342,7083,9066,9462,9806],[4.019381523748645,5.117993812416755,3.125563647726549,3.8187108282864943,2.8154087194227095,4.270695952029551,4.137164559405029,0.6792718340663283,0.691153161953081,0.691153161953081,4.42484663185681,3.0385522707369192,4.137164559405029,4.270695952029551,4.137164559405029,0.691153161953081,4.830311739964974])",1.0
F144,key word short world thought show. treatment medical relate space. woman hit modern enough. — shocking claims hoax surface internet.,"(10000,[55,197,503,988,1098,1262,2336,3131,3205,3519,4377,4563,5850,7281,7936,8015,8252,8268,8338,9360],[4.137164559405029,4.830311739964974,0.691153161953081,4.607168188650764,3.577548771469606,4.137164559405029,4.137164559405029,4.607168188650764,5.117993812416755,4.607168188650764,2.60568818844064,4.019381523748645,0.691153161953081,0.6871770135734415,0.691153161953081,4.137164559405029,4.270695952029551,4.019381523748645,0.691153161953081,3.7316994512968646])",0.0
F241,positive easy energy house mouth window. cut final paper pull. image loss. — shocking claims flat earth surface internet.,"(10000,[1,503,619,690,760,1206,1612,1653,2918,5303,5836,5850,7281,7497,7936,8307,8338,8690,9676],[4.270695952029551,0.691153161953081,4.830311739964974,5.523458920524919,4.019381523748645,4.270695952029551,5.117993812416755,5.117993812416755,3.0385522707369192,3.8187108282864943,4.137164559405029,0.691153161953081,0.6871770135734415,3.914021008090819,0.691153161953081,4.019381523748645,0.691153161953081,4.270695952029551,3.0385522707369192])",0.0
R150,collection finally put fear. win place cause class perhaps protect write need. experts discuss ongoing developments election.,"(10000,[316,1259,1817,2398,3556,3614,4007,4506,4687,5445,6390,6544,7235,7615,8209,8871,9462],[4.019381523748645,3.8187108282864943,4.607168188650764,3.914021008090819,2.8844015909096608,0.6792718340663283,3.914021008090819,0.691153161953081,0.691153161953081,4.270695952029551,4.019381523748645,5.523458920524919,4.607168188650764,5.523458920524919,4.830311739964974,4.019381523748645,0.691153161953081])",1.0
R153,wrong base together follow people treatment. push thousand heart mother understand. experts discuss ongoing developments research.,"(10000,[354,3143,3614,4263,4506,4687,5978,6512,6798,7066,8173,8312,8413,9367,9462,9808],[4.137164559405029,4.830311739964974,0.6792718340663283,3.6516567436233283,0.691153161953081,0.691153161953081,4.607168188650764,3.6516567436233283,4.830311739964974,2.8844015909096608,3.8187108282864943,4.830311739964974,3.4440173788450834,4.019381523748645,0.691153161953081,4.137164559405029])",1.0
F175,president wait water tonight process. build country education fear leave wife. choice image enjoy activity someone food front. — shocking claims hoax surface internet.,"(10000,[503,1306,1805,2589,2913,3014,3389,3671,4253,4377,5303,5399,5477,5530,5850,6053,7281,7870,7936,8077,8110,8338,8653,9513],[0.691153161953081,4.42484663185681,3.8187108282864943,4.270695952029551,3.8187108282864943,4.270695952029551,4.607168188650764,4.137164559405029,5.523458920524919,2.60568818844064,3.8187108282864943,4.607168188650764,4.270695952029551,4.019381523748645,0.691153161953081,3.577548771469606,0.6871770135734415,4.270695952029551,0.691153161953081,5.523458920524919,4.607168188650764,0.691153161953081,4.270695952029551,3.914021008090819])",0.0
F161,approach challenge trial foreign child mouth point probably. field result author agent pull state live. — shocking claims immortal jellyfish surface internet.,"(10000,[399,503,1808,2066,2929,3095,3410,4416,5016,5415,5850,5935,6206,6597,7074,7244,7281,7497,7936,8338,9350,9876],[4.019381523748645,0.691153161953081,4.137164559405029,2.7508701982851385,5.117993812416755,4.137164559405029,3.914021008090819,4.42484663185681,3.8187108282864943,4.830311739964974,0.691153161953081,3.7316994512968646,3.7316994512968646,4.137164559405029,3.4440173788450834,3.4440173788450834,0.6871770135734415,3.914021008090819,0.691153161953081,0.691153161953081,4.019381523748645,2.7508701982851385])",0.0
F147,choice child finish tree. condition test laugh. major remain yard strategy term somebody bring. — shocking claims secret cure surface internet.,"(10000,[424,503,1058,1766,2188,2291,3089,3673,3892,5205,5328,5850,6053,6578,6586,6747,7244,7281,7936,8338,9357],[3.8187108282864943,0.691153161953081,4.019381523748645,5.117993812416755,4.019381523748645,4.607168188650764,4.270695952029551,5.117993812416755,2.5530444549552183,4.607168188650764,3.4440173788450834,0.691153161953081,3.577548771469606,3.8187108282864943,4.137164559405029,2.5530444549552183,3.4440173788450834,0.6871770135734415,0.691153161953081,0.691153161953081,4.830311739964974])",0.0
F018,appear source cultural along offer. feeling scene network begin bed successful impact. — shocking claims secret cure surface internet.,"(10000,[503,613,1513,2840,3331,3892,5324,5659,5844,5850,6747,7281,7721,7936,8182,8338,9152,9233,9497],[0.691153161953081,4.019381523748645,3.914021008090819,3.6516567436233283,4.830311739964974,2.5530444549552183,5.523458920524919,4.270695952029551,4.42484663185681,0.691153161953081,2.5530444549552183,0.6871770135734415,4.607168188650764,0.691153161953081,4.019381523748645,0.691153161953081,4.019381523748645,4.137164559405029,4.137164559405029])",0.0
F211,present agree evening suffer garden. hot gas news pay. — shocking claims celebrity scandal surface internet.,"(10000,[503,1676,2433,3486,4921,5286,5607,5850,6135,6925,7281,7432,7936,8130,8338,9693],[0.691153161953081,5.523458920524919,4.137164559405029,2.849310271098391,2.849310271098391,3.8187108282864943,4.607168188650764,0.691153161953081,3.7316994512968646,4.607168188650764,0.6871770135734415,5.523458920524919,0.691153161953081,4.270695952029551,0.691153161953081,4.137164559405029])",0.0
R117,management challenge pretty short book throw eat turn. pressure agency feel who. experts discuss ongoing developments research.,"(10000,[393,765,1241,1262,3115,3334,3614,3919,4506,4687,5661,5935,7066,7276,8325,9462,9808],[4.607168188650764,3.914021008090819,3.914021008090819,4.137164559405029,4.137164559405029,4.607168188650764,0.6792718340663283,4.019381523748645,0.691153161953081,0.691153161953081,4.830311739964974,3.7316994512968646,2.8844015909096608,4.830311739964974,4.830311739964974,0.691153161953081,4.137164559405029])",1.0
F016,begin without year. bill natural rock face material campaign economy class. — shocking claims aliens surface internet.,"(10000,[217,503,574,650,1513,3231,4034,4043,4988,5241,5850,6675,7281,7517,7936,8135,8338],[4.607168188650764,0.691153161953081,4.019381523748645,2.958509563063383,3.914021008090819,4.270695952029551,3.914021008090819,3.8187108282864943,4.270695952029551,5.117993812416755,0.691153161953081,4.019381523748645,0.6871770135734415,4.830311739964974,0.691153161953081,4.137164559405029,0.691153161953081])",0.0
F029,join reality worker feeling front deal. near class approach. always eat store everyone physical. wrong past citizen close situation result question. — shocking claims flat earth surface internet.,"(10000,[8,399,503,504,613,680,1116,2676,2918,3136,3479,3497,4007,5850,5974,6434,6512,7184,7276,7281,7936,8338,8893,8952,9011,9275,9470,9676],[4.270695952029551,4.019381523748645,0.691153161953081,3.8187108282864943,4.019381523748645,4.019381523748645,4.270695952029551,4.137164559405029,3.0385522707369192,4.270695952029551,5.117993812416755,3.7316994512968646,3.914021008090819,0.691153161953081,3.8187108282864943,4.830311739964974,3.6516567436233283,4.42484663185681,4.830311739964974,0.6871770135734415,0.691153161953081,0.691153161953081,3.914021008090819,4.270695952029551,4.019381523748645,4.607168188650764,5.117993812416755,3.0385522707369192])",0.0
F205,central card guy produce including move. despite visit leader. nation fast five. — shocking claims celebrity scandal surface internet.,"(10000,[94,503,698,1301,1648,1776,2144,3486,4014,4921,5760,5850,7281,7334,7936,8338,8928,9263,9495],[4.830311739964974,0.691153161953081,4.607168188650764,4.137164559405029,4.270695952029551,4.137164559405029,4.019381523748645,2.849310271098391,3.914021008090819,2.849310271098391,4.270695952029551,0.691153161953081,0.6871770135734415,4.137164559405029,0.691153161953081,0.691153161953081,3.914021008090819,4.270695952029551,5.523458920524919])",0.0
R112,spend paper professional report hotel leg. attention how. third fire majority administration figure year from. environmental manage foot allow. experts discuss ongoing developments economic growth.,"(10000,[353,1238,2155,2663,3144,3495,3614,4110,4506,4687,5185,5191,6021,6027,6505,7601,7883,7890,8690,8771,8899,9034,9144,9244,9462],[3.914021008090819,5.117993812416755,4.019381523748645,3.914021008090819,4.270695952029551,5.117993812416755,0.6792718340663283,4.830311739964974,0.691153161953081,0.691153161953081,4.137164559405029,3.8187108282864943,4.137164559405029,4.42484663185681,5.117993812416755,5.117993812416755,4.607168188650764,4.42484663185681,4.270695952029551,4.019381523748645,3.8187108282864943,2.920769235080536,2.7508701982851385,4.42484663185681,0.691153161953081])",1.0
F218,guy run reduce plan health heart. land rest deal main sense parent. — shocking claims government cover-up surface internet.,"(10000,[94,266,503,691,1433,1637,2259,2708,5447,5850,6123,7148,7281,7936,7958,8159,8338,8805,9813],[4.830311739964974,4.019381523748645,0.691153161953081,4.830311739964974,3.914021008090819,4.019381523748645,2.8154087194227095,3.6516567436233283,3.2208738275308737,0.691153161953081,4.42484663185681,4.137164559405029,0.6871770135734415,0.691153161953081,5.117993812416755,4.019381523748645,0.691153161953081,4.607168188650764,2.997730276216664])",0.0
R187,happen cover bill dream also discuss production raise. push like maintain total. name type trade far success respond wait. experts discuss ongoing developments education.,"(10000,[15,419,2366,2500,3330,3526,3614,3792,4158,4506,4687,4704,5047,5247,5978,6063,6104,6535,7593,8135,8353,9462,9828],[4.270695952029551,4.42484663185681,3.914021008090819,4.137164559405029,4.270695952029551,4.270695952029551,1.3585436681326566,4.270695952029551,4.270695952029551,0.691153161953081,0.691153161953081,4.42484663185681,2.6902455764687034,4.42484663185681,4.607168188650764,4.607168188650764,4.270695952029551,4.830311739964974,4.830311739964974,4.137164559405029,4.42484663185681,0.691153161953081,4.607168188650764])",1.0
F087,everything soldier audience professional dinner second. third measure physical detail around camera current. one well church minute memory effect. — shocking claims celebrity scandal surface internet.,"(10000,[157,190,503,528,815,1143,1273,1312,1650,1890,2155,2240,3357,3486,4141,4921,5850,6000,6197,6941,7281,7936,8338,8649,8771,9156],[4.137164559405029,4.830311739964974,0.691153161953081,4.270695952029551,4.019381523748645,4.607168188650764,3.3262343431887,5.117993812416755,4.607168188650764,5.117993812416755,4.019381523748645,4.42484663185681,4.42484663185681,2.849310271098391,4.270695952029551,2.849310271098391,0.691153161953081,3.914021008090819,3.914021008090819,4.270695952029551,0.6871770135734415,0.691153161953081,0.691153161953081,4.019381523748645,4.019381523748645,3.7316994512968646])",0.0
R171,process vote meeting adult clearly tree. experts discuss ongoing developments education.,"(10000,[20,72,3614,4506,4687,5047,8040,8238,9214,9357,9462],[3.914021008090819,3.8187108282864943,0.6792718340663283,0.691153161953081,0.691153161953081,2.6902455764687034,3.914021008090819,4.270695952029551,3.7316994512968646,4.830311739964974,0.691153161953081])",1.0
R113,special page cover police away. cut sport reach get. thought author million travel their. experts discuss ongoing developments technology breakthrough.,"(10000,[55,1020,1055,1206,2147,2227,2827,3614,3876,4108,4506,4687,6104,6830,8278,8386,8651,8681,9350,9462],[4.137164559405029,2.661258039595451,4.019381523748645,4.270695952029551,4.607168188650764,2.7200985396183848,3.7316994512968646,0.6792718340663283,4.270695952029551,5.523458920524919,0.691153161953081,0.691153161953081,4.270695952029551,5.523458920524919,4.019381523748645,4.607168188650764,4.42484663185681,4.019381523748645,4.019381523748645,0.691153161953081])",1.0
R222,somebody marriage ground. serious range great site. experts discuss ongoing developments public health.,"(10000,[165,750,1117,1770,3089,3614,4506,4648,4687,6219,6229,8678,9462],[4.137164559405029,4.137164559405029,4.019381523748645,3.125563647726549,4.270695952029551,0.6792718340663283,0.691153161953081,5.117993812416755,0.691153161953081,3.0385522707369192,4.42484663185681,4.607168188650764,0.691153161953081])",1.0
F233,newspaper opportunity discussion sense add special. face southern four sister hour. rule yes body yet high end way. — shocking claims secret cure surface internet.,"(10000,[343,453,503,841,1243,2116,3238,3521,3743,3892,4034,4037,4639,5044,5118,5315,5447,5850,6747,6976,7281,7825,7936,8338,9887],[4.019381523748645,3.8187108282864943,0.691153161953081,3.8187108282864943,3.6516567436233283,4.137164559405029,4.270695952029551,4.019381523748645,4.270695952029551,2.5530444549552183,3.914021008090819,4.607168188650764,4.830311739964974,5.117993812416755,5.117993812416755,4.137164559405029,3.2208738275308737,0.691153161953081,2.5530444549552183,5.117993812416755,0.6871770135734415,5.523458920524919,0.691153161953081,0.691153161953081,3.914021008090819])",0.0
R223,new hope baby television major. job partner generation answer. experts discuss ongoing developments climate change.,"(10000,[116,557,585,821,1348,2059,2086,3614,4506,4687,6000,6963,8713,9462,9829],[3.577548771469606,4.137164559405029,3.5085558999826545,2.849310271098391,4.019381523748645,2.6902455764687034,4.830311739964974,0.6792718340663283,0.691153161953081,0.691153161953081,3.914021008090819,4.607168188650764,4.137164559405029,0.691153161953081,5.117993812416755])",1.0
F224,possible sister wish travel term above. believe spend change congress. — shocking claims secret cure surface internet.,"(10000,[353,387,495,503,533,2188,2406,2513,3521,3892,5850,6100,6747,7281,7936,8338,8681],[3.914021008090819,4.137164559405029,4.019381523748645,0.691153161953081,4.019381523748645,4.019381523748645,4.607168188650764,5.117993812416755,4.019381523748645,2.5530444549552183,0.691153161953081,4.270695952029551,2.5530444549552183,0.6871770135734415,0.691153161953081,0.691153161953081,4.019381523748645])",0.0
R181,stay short information. make school difference east. tv benefit truth little low piece. experts discuss ongoing developments climate change.,"(10000,[433,821,1167,1262,1590,2059,2069,2679,3525,3614,4506,4547,4687,5653,5955,7866,8411,9462,9784],[4.42484663185681,2.849310271098391,4.830311739964974,4.137164559405029,3.5085558999826545,2.6902455764687034,4.137164559405029,4.019381523748645,4.270695952029551,0.6792718340663283,0.691153161953081,4.019381523748645,0.691153161953081,4.270695952029551,4.830311739964974,4.42484663185681,3.577548771469606,0.691153161953081,4.270695952029551])",1.0
R056,rise receive per chance accept. crime laugh ahead. officer long trial agency prepare common. dark front break perhaps time officer wrong institution. experts discuss ongoing developments public health.,"(10000,[298,346,504,668,696,697,731,765,1259,1352,1770,2286,3410,3614,3744,4506,4617,4687,4816,6219,6512,7098,7180,8157,8904,9462,9663],[4.270695952029551,4.270695952029551,3.8187108282864943,4.019381523748645,8.274329118810059,4.607168188650764,4.42484663185681,3.914021008090819,3.8187108282864943,5.117993812416755,3.125563647726549,4.42484663185681,3.914021008090819,0.6792718340663283,5.523458920524919,0.691153161953081,4.42484663185681,0.691153161953081,3.7316994512968646,3.0385522707369192,3.6516567436233283,4.42484663185681,5.117993812416755,4.137164559405029,4.137164559405029,0.691153161953081,4.830311739964974])",1.0
R110,century talk certain thank leader long. across value major speak provide ten above. experts discuss ongoing developments education.,"(10000,[273,1058,1526,1687,2406,3614,4506,4687,4732,5047,5085,5946,7074,7403,7841,8925,9288,9462],[4.830311739964974,4.019381523748645,4.270695952029551,4.607168188650764,4.607168188650764,0.6792718340663283,0.691153161953081,0.691153161953081,4.830311739964974,2.6902455764687034,4.019381523748645,4.42484663185681,3.4440173788450834,3.8187108282864943,3.8187108282864943,4.019381523748645,4.607168188650764,0.691153161953081])",1.0
R219,national daughter example case us. central course class middle although break. building wonder pull main meet company believe. experts discuss ongoing developments education.,"(10000,[586,942,1637,3614,3652,4007,4506,4687,4723,5047,5852,6342,6597,7623,7779,7910,8928,9462,9606,9640,9679,9878,9940],[5.117993812416755,4.270695952029551,4.019381523748645,0.6792718340663283,4.019381523748645,3.914021008090819,0.691153161953081,0.691153161953081,5.117993812416755,2.6902455764687034,4.270695952029551,4.137164559405029,4.137164559405029,4.270695952029551,3.8187108282864943,4.270695952029551,3.914021008090819,0.691153161953081,4.019381523748645,4.607168188650764,5.117993812416755,4.137164559405029,4.270695952029551])",1.0
R224,animal hot soon bed describe west. interest experience sing. experts discuss ongoing developments education.,"(10000,[70,1041,3614,3635,4066,4506,4687,5047,5987,7085,7360,9462,9497,9693],[4.607168188650764,4.607168188650764,0.6792718340663283,4.270695952029551,4.607168188650764,0.691153161953081,0.691153161953081,2.6902455764687034,5.117993812416755,3.8187108282864943,4.42484663185681,0.691153161953081,4.137164559405029,4.137164559405029])",1.0
F178,fish contain view ahead ten such. — shocking claims immortal jellyfish surface internet.,"(10000,[503,1376,2066,3629,5085,5850,7281,7293,7493,7936,8268,8338,9876],[0.691153161953081,4.019381523748645,2.7508701982851385,5.117993812416755,4.019381523748645,0.691153161953081,0.6871770135734415,4.607168188650764,4.137164559405029,0.691153161953081,4.019381523748645,0.691153161953081,2.7508701982851385])",0.0
F074,hotel difference policy agency forward. still imagine student. despite left worker. — shocking claims secret cure surface internet.,"(10000,[503,765,1099,1301,1662,1886,2663,3712,3892,4142,5301,5371,5850,6747,7281,7866,7936,8338],[0.691153161953081,3.914021008090819,5.117993812416755,4.137164559405029,4.270695952029551,5.117993812416755,3.914021008090819,4.137164559405029,2.5530444549552183,4.830311739964974,4.830311739964974,5.523458920524919,0.691153161953081,2.5530444549552183,0.6871770135734415,4.42484663185681,0.691153161953081,0.691153161953081])",0.0
R034,forget build thus action end house he. couple language option feel practice other. travel describe spring four total. experts discuss ongoing developments budget report.,"(10000,[453,1243,1644,1716,3014,3115,3614,4280,4506,4687,4991,5432,5684,5836,6535,6633,7085,7146,7702,8257,8681,9231,9462,9613],[3.8187108282864943,3.6516567436233283,4.830311739964974,4.270695952029551,4.270695952029551,4.137164559405029,0.6792718340663283,3.6516567436233283,0.691153161953081,0.691153161953081,2.503034034380557,2.7508701982851385,4.137164559405029,4.137164559405029,4.830311739964974,4.270695952029551,3.8187108282864943,4.830311739964974,4.137164559405029,5.117993812416755,4.019381523748645,4.607168188650764,0.691153161953081,4.607168188650764])",1.0
R095,watch unit significant idea enough. experience far project step age economy music. risk field unit occur. experts discuss ongoing developments policy.,"(10000,[197,217,1558,1675,2230,2516,2708,3614,3635,4158,4506,4687,5958,6335,6944,7074,8552,8791,8794,9462],[4.830311739964974,4.607168188650764,4.607168188650764,4.830311739964974,3.914021008090819,5.523458920524919,3.6516567436233283,0.6792718340663283,4.270695952029551,4.270695952029551,0.691153161953081,0.691153161953081,3.914021008090819,8.541391904059102,2.8154087194227095,3.4440173788450834,4.137164559405029,4.42484663185681,4.019381523748645,0.691153161953081])",1.0
F011,move evening road drop seat writer general book. political manage partner chair across. beyond fly decade. — shocking claims aliens surface internet.,"(10000,[47,116,503,650,681,997,3226,3935,5286,5465,5627,5725,5850,5944,6282,6906,7281,7883,7936,8338,8577,8900],[4.607168188650764,3.577548771469606,0.691153161953081,2.958509563063383,4.42484663185681,4.830311739964974,5.117993812416755,3.6516567436233283,3.8187108282864943,4.270695952029551,5.117993812416755,4.019381523748645,0.691153161953081,4.42484663185681,4.270695952029551,4.270695952029551,0.6871770135734415,4.607168188650764,0.691153161953081,0.691153161953081,4.137164559405029,4.270695952029551])",0.0
R162,several memory day say set possible. break young join individual increase top position. experts discuss ongoing developments policy.,"(10000,[668,1819,2272,3614,4506,4687,5328,5342,5862,6941,6944,7809,7963,8614,8952,9133,9227,9462],[4.019381523748645,4.607168188650764,4.830311739964974,0.6792718340663283,0.691153161953081,0.691153161953081,3.4440173788450834,4.42484663185681,3.577548771469606,4.270695952029551,2.8154087194227095,4.607168188650764,4.019381523748645,4.42484663185681,4.270695952029551,4.830311739964974,4.830311739964974,0.691153161953081])",1.0
R218,value often serious well. apply common law hotel best. job talk social charge instead season level measure. experts discuss ongoing developments election.,"(10000,[7,557,823,1117,1499,2358,2663,3556,3614,3979,4506,4527,4687,5587,6043,6332,6812,7312,7403,8833,8925,9462],[4.137164559405029,4.137164559405029,3.7316994512968646,4.019381523748645,4.607168188650764,4.270695952029551,3.914021008090819,2.8844015909096608,0.6792718340663283,4.607168188650764,0.691153161953081,4.019381523748645,0.691153161953081,5.523458920524919,5.523458920524919,4.830311739964974,4.830311739964974,4.607168188650764,3.8187108282864943,5.117993812416755,4.019381523748645,0.691153161953081])",1.0
F136,plan apply language stock executive. world leave top five. culture voice article stock city. — shocking claims miracle drug surface internet.,"(10000,[206,503,751,793,1256,1702,1716,1776,2913,3530,5328,5850,6123,7281,7312,7860,7936,8338,8645,9360],[4.830311739964974,0.691153161953081,4.830311739964974,8.274329118810059,3.125563647726549,4.607168188650764,4.270695952029551,4.137164559405029,3.8187108282864943,4.137164559405029,3.4440173788450834,0.691153161953081,4.42484663185681,0.6871770135734415,4.607168188650764,2.997730276216664,0.691153161953081,0.691153161953081,3.914021008090819,3.7316994512968646])",0.0
R108,fast fight media use start feeling fire. attack point consider learn. watch administration power voice beat article foreign. administration staff across difficult. experts discuss ongoing developments economic growth.,"(10000,[312,613,1035,1209,1702,2526,2569,2708,2996,3056,3530,3614,3822,4416,4506,4687,5133,5185,5693,5854,6224,7074,7337,9034,9144,9263,9462],[4.019381523748645,4.019381523748645,5.117993812416755,4.270695952029551,4.607168188650764,4.137164559405029,3.577548771469606,3.6516567436233283,3.3262343431887,4.607168188650764,4.137164559405029,0.6792718340663283,4.830311739964974,4.42484663185681,0.691153161953081,0.691153161953081,4.137164559405029,8.274329118810059,4.607168188650764,5.523458920524919,4.019381523748645,3.4440173788450834,5.117993812416755,2.920769235080536,2.7508701982851385,4.270695952029551,0.691153161953081])",1.0
R186,arm recently knowledge practice campaign finish trade. general morning much people theory benefit art. experts discuss ongoing developments research.,"(10000,[524,1468,2034,3160,3614,3984,4043,4263,4280,4506,4687,5465,5653,6578,6675,7066,7166,7864,9462],[3.4440173788450834,4.42484663185681,4.019381523748645,4.42484663185681,0.6792718340663283,4.42484663185681,3.8187108282864943,3.6516567436233283,3.6516567436233283,0.691153161953081,0.691153161953081,4.270695952029551,4.270695952029551,3.8187108282864943,4.019381523748645,2.8844015909096608,5.523458920524919,4.137164559405029,0.691153161953081])",1.0
R248,role rather wonder. sometimes rise many citizen. energy season view health me. experts discuss ongoing developments technology breakthrough.,"(10000,[1020,2174,2227,2358,2837,3350,3614,4506,4687,4816,5177,5188,5869,7293,8307,8509,8805,9462],[2.661258039595451,5.523458920524919,2.7200985396183848,4.270695952029551,4.270695952029551,4.137164559405029,0.6792718340663283,0.691153161953081,0.691153161953081,3.7316994512968646,5.117993812416755,4.137164559405029,4.270695952029551,4.607168188650764,4.019381523748645,5.523458920524919,4.607168188650764,0.691153161953081])",1.0
F045,wish none white necessary whether production. maintain capital explain. laugh school mind value. — shocking claims immortal jellyfish surface internet.,"(10000,[490,495,503,1640,2066,2679,3184,3406,3605,5247,5843,5850,6541,7098,7281,7936,7979,8338,9831,9876],[5.117993812416755,4.019381523748645,0.691153161953081,4.607168188650764,2.7508701982851385,4.019381523748645,2.920769235080536,4.270695952029551,5.117993812416755,4.42484663185681,4.830311739964974,0.691153161953081,3.914021008090819,4.42484663185681,0.6871770135734415,0.691153161953081,3.914021008090819,0.691153161953081,4.42484663185681,2.7508701982851385])",0.0
F092,boy feel side southern performance vote wife court. kid perform student catch operation respond within. — shocking claims secret cure surface internet.,"(10000,[157,481,503,1098,2500,3021,3115,3536,3723,3743,3892,4295,5850,5922,6747,7281,7936,7949,8338,9214,9351,9781],[4.137164559405029,5.523458920524919,0.691153161953081,3.577548771469606,4.137164559405029,4.270695952029551,4.137164559405029,4.270695952029551,3.914021008090819,4.270695952029551,2.5530444549552183,5.523458920524919,0.691153161953081,4.137164559405029,2.5530444549552183,0.6871770135734415,0.691153161953081,4.270695952029551,0.691153161953081,3.7316994512968646,4.607168188650764,4.607168188650764])",0.0
R100,shake doctor house much idea usually i. seek others likely per speak collection. support painting project none follow agree life. experts discuss ongoing developments technology breakthrough.,"(10000,[171,298,309,524,564,777,1020,1034,2180,2227,2230,2990,3614,3652,4506,4687,4732,5535,5836,5958,6925,6940,8217,9367,9462,9831],[3.914021008090819,4.270695952029551,3.6516567436233283,3.4440173788450834,3.914021008090819,4.607168188650764,2.661258039595451,4.42484663185681,4.019381523748645,2.7200985396183848,3.914021008090819,3.914021008090819,0.6792718340663283,4.019381523748645,0.691153161953081,0.691153161953081,4.830311739964974,5.117993812416755,4.137164559405029,3.914021008090819,4.607168188650764,3.4440173788450834,4.42484663185681,4.019381523748645,0.691153161953081,4.42484663185681])",1.0
F075,arm education best turn. truth voice order. — shocking claims miracle drug surface internet.,"(10000,[503,763,1256,2069,3334,3530,3984,5530,5564,5850,7281,7860,7936,8338],[0.691153161953081,4.830311739964974,3.125563647726549,4.137164559405029,4.607168188650764,4.137164559405029,4.42484663185681,4.019381523748645,4.830311739964974,0.691153161953081,0.6871770135734415,2.997730276216664,0.691153161953081,0.691153161953081])",0.0
R059,clearly world food economic though along. experts discuss ongoing developments technology breakthrough.,"(10000,[1020,1766,2227,3385,3614,4506,4687,8238,8653,9144,9360,9462],[2.661258039595451,5.117993812416755,2.7200985396183848,4.607168188650764,0.6792718340663283,0.691153161953081,0.691153161953081,4.270695952029551,4.270695952029551,2.7508701982851385,3.7316994512968646,0.691153161953081])",1.0
F213,tv write wait. fast change minute accept head year discussion. time raise work yard garden blood until. — shocking claims hoax surface internet.,"(10000,[387,424,503,1064,2359,2657,3357,3527,4079,4377,4430,4547,5445,5850,5936,6063,7281,7936,8157,8338,8899,9263,9527],[4.137164559405029,3.8187108282864943,0.691153161953081,5.117993812416755,4.42484663185681,3.577548771469606,4.42484663185681,4.42484663185681,5.117993812416755,2.60568818844064,5.523458920524919,4.019381523748645,4.270695952029551,0.691153161953081,4.270695952029551,4.607168188650764,0.6871770135734415,0.691153161953081,4.137164559405029,0.691153161953081,3.8187108282864943,4.270695952029551,4.270695952029551])",0.0
R233,build happy late evidence last remember term. well friend spend might table major. experts discuss ongoing developments education.,"(10000,[157,353,488,2054,3014,3079,3614,3924,3931,3989,4506,4687,5047,5347,5685,6533,9462,9829],[4.137164559405029,3.914021008090819,4.270695952029551,4.270695952029551,4.270695952029551,3.914021008090819,0.6792718340663283,3.383392757028649,3.8187108282864943,4.830311739964974,0.691153161953081,0.691153161953081,2.6902455764687034,3.914021008090819,4.019381523748645,4.607168188650764,0.691153161953081,5.117993812416755])",1.0
F072,along produce pass what. agreement toward executive suddenly good these. wall media interesting address ok sport country. — shocking claims mind control surface internet.,"(10000,[503,1208,1209,1648,2645,2840,3184,3194,3634,4454,5678,5850,6168,6404,7281,7936,8278,8338,8363,8392,8413,8581,9062,9966],[0.691153161953081,2.661258039595451,4.270695952029551,4.270695952029551,4.137164559405029,3.6516567436233283,2.920769235080536,4.607168188650764,4.137164559405029,4.42484663185681,5.117993812416755,0.691153161953081,4.607168188650764,4.019381523748645,0.6871770135734415,0.691153161953081,4.019381523748645,0.691153161953081,4.830311739964974,4.42484663185681,3.4440173788450834,4.830311739964974,5.523458920524919,4.830311739964974])",0.0
R184,let foreign training agree. wear suddenly many nice test dream for. rule list ever break answer public. experts discuss ongoing developments budget report.,"(10000,[343,668,2366,3370,3614,3619,4241,4506,4687,4991,5188,5432,5594,6206,6521,6581,6586,7538,8267,8366,8581,8728,9462],[4.019381523748645,4.019381523748645,3.914021008090819,4.137164559405029,0.6792718340663283,4.42484663185681,4.830311739964974,0.691153161953081,0.691153161953081,2.503034034380557,4.137164559405029,2.7508701982851385,4.270695952029551,3.7316994512968646,5.117993812416755,4.137164559405029,4.137164559405029,4.137164559405029,4.270695952029551,5.117993812416755,4.830311739964974,4.019381523748645,0.691153161953081])",1.0
F134,individual interview central tree across treat young. capital fund performance. — shocking claims secret cure surface internet.,"(10000,[503,1596,3892,4638,5252,5850,5871,6035,6541,6747,7074,7281,7936,8338,8614,8750,8928],[0.691153161953081,5.117993812416755,2.5530444549552183,3.8187108282864943,5.117993812416755,0.691153161953081,4.270695952029551,4.019381523748645,3.914021008090819,2.5530444549552183,3.4440173788450834,0.6871770135734415,0.691153161953081,0.691153161953081,4.42484663185681,4.270695952029551,3.914021008090819])",0.0
R096,yeah heart lot area another police. guess five assume evening reason employee. experts discuss ongoing developments research.,"(10000,[2664,2944,3249,3614,4391,4506,4687,4943,5286,5649,5974,7066,8166,8408,8660,9462,9808],[4.137164559405029,4.830311739964974,3.6516567436233283,0.6792718340663283,4.42484663185681,0.691153161953081,0.691153161953081,3.914021008090819,3.8187108282864943,4.270695952029551,3.8187108282864943,2.8844015909096608,4.019381523748645,4.137164559405029,4.607168188650764,0.691153161953081,4.137164559405029])",1.0
R020,well early. travel item live. experts discuss ongoing developments policy.,"(10000,[157,1916,2929,3614,3753,4506,4687,6944,8681,9462],[4.137164559405029,4.607168188650764,5.117993812416755,0.6792718340663283,4.830311739964974,0.691153161953081,0.691153161953081,2.8154087194227095,4.019381523748645,0.691153161953081])",1.0
R067,training future reach just. wife go year. suggest space team seem. war effect center lawyer sing order stuff. experts discuss ongoing developments policy.,"(10000,[468,1226,1457,1480,2825,3021,3614,4502,4506,4687,6324,6451,6488,6944,7517,7538,7816,8386,8719,9021,9188,9462],[4.137164559405029,4.270695952029551,5.523458920524919,4.607168188650764,4.830311739964974,4.270695952029551,0.6792718340663283,4.830311739964974,0.691153161953081,0.691153161953081,4.019381523748645,8.274329118810059,3.914021008090819,2.8154087194227095,4.830311739964974,4.137164559405029,4.607168188650764,4.607168188650764,4.830311739964974,4.270695952029551,4.607168188650764,0.691153161953081])",1.0
R215,candidate standard research improve perform great girl. art religious data mr campaign dark. green rise family candidate wrong. experts discuss ongoing developments education.,"(10000,[551,750,1098,1695,2408,2647,2967,3614,4293,4358,4506,4687,4816,4905,5047,6675,6717,7370,7854,8297,9432,9462],[4.607168188650764,4.137164559405029,3.577548771469606,4.42484663185681,4.137164559405029,4.270695952029551,4.137164559405029,0.6792718340663283,4.137164559405029,8.274329118810059,0.691153161953081,0.691153161953081,3.7316994512968646,5.117993812416755,2.6902455764687034,4.019381523748645,5.117993812416755,4.830311739964974,4.42484663185681,4.607168188650764,4.137164559405029,0.691153161953081])",1.0
R127,agent official politics range above. interest economy full cover. fund sure question law loss enjoy. experts discuss ongoing developments policy.,"(10000,[70,165,217,1821,2406,2947,3614,3979,4506,4638,4687,5016,5329,5887,6847,6944,8485,8867,8897,9462],[4.607168188650764,4.137164559405029,4.607168188650764,4.270695952029551,4.607168188650764,4.137164559405029,0.6792718340663283,4.607168188650764,0.691153161953081,3.8187108282864943,0.691153161953081,3.8187108282864943,4.137164559405029,3.6516567436233283,5.523458920524919,2.8154087194227095,4.270695952029551,4.830311739964974,3.8187108282864943,0.691153161953081])",1.0
R235,industry likely event however politics whole pattern. night last democratic two free. item central discover nation development. experts discuss ongoing developments technology breakthrough.,"(10000,[309,627,911,913,1020,1916,2227,3010,3614,3989,4014,4170,4391,4506,4687,4728,5606,5887,6869,7728,8326,8928,9462],[3.6516567436233283,4.830311739964974,4.830311739964974,4.830311739964974,2.661258039595451,4.607168188650764,2.7200985396183848,4.830311739964974,0.6792718340663283,4.830311739964974,3.914021008090819,4.830311739964974,4.42484663185681,0.691153161953081,0.691153161953081,3.6516567436233283,4.42484663185681,3.6516567436233283,4.019381523748645,4.137164559405029,5.523458920524919,3.914021008090819,0.691153161953081])",1.0
R163,wish dinner election soldier fire including among poor. low church hundred pretty war view. experts discuss ongoing developments climate change.,"(10000,[132,495,821,1273,2059,2240,2613,3614,3919,4141,4506,4687,5175,5191,5972,7334,7362,8411,8719,9462],[5.117993812416755,4.019381523748645,2.849310271098391,3.3262343431887,2.6902455764687034,4.42484663185681,5.117993812416755,0.6792718340663283,4.019381523748645,4.270695952029551,0.691153161953081,0.691153161953081,3.914021008090819,3.8187108282864943,5.523458920524919,4.137164559405029,4.830311739964974,3.577548771469606,4.830311739964974,0.691153161953081])",1.0
R002,candidate thought contain grow. draw image upon attention professor way day. experts discuss ongoing developments education.,"(10000,[55,1842,2543,3144,3614,4358,4506,4687,5047,5303,6735,7493,8094,8167,9391,9462],[4.137164559405029,5.523458920524919,3.2208738275308737,4.270695952029551,0.6792718340663283,4.137164559405029,0.691153161953081,0.691153161953081,2.6902455764687034,3.8187108282864943,4.830311739964974,4.137164559405029,4.270695952029551,4.019381523748645,4.019381523748645,0.691153161953081])",1.0
R021,huge couple southern nearly ready authority there. room defense enough read behavior affect imagine. experts discuss ongoing developments education.,"(10000,[494,735,1176,2198,2866,3543,3614,3743,4506,4687,4748,5047,5804,6055,6557,7650,7702,9026,9462],[4.270695952029551,4.607168188650764,4.270695952029551,4.270695952029551,4.42484663185681,4.270695952029551,0.6792718340663283,4.270695952029551,0.691153161953081,0.691153161953081,4.019381523748645,2.6902455764687034,5.117993812416755,4.830311739964974,3.7316994512968646,4.830311739964974,4.137164559405029,5.523458920524919,0.691153161953081])",1.0
R013,avoid able toward. media red worker program anyone let special. experts discuss ongoing developments technology breakthrough.,"(10000,[52,573,666,1020,1209,1388,2227,2676,3496,3614,4506,4531,4687,5118,8267,9462],[4.830311739964974,4.137164559405029,4.607168188650764,2.661258039595451,4.270695952029551,4.607168188650764,2.7200985396183848,4.137164559405029,4.42484663185681,0.6792718340663283,0.691153161953081,4.830311739964974,0.691153161953081,5.117993812416755,4.270695952029551,0.691153161953081])",1.0
F195,firm outside manager leave take. event piece. central administration new safe black defense. — shocking claims flat earth surface internet.,"(10000,[176,503,585,1652,1948,2913,2918,4357,5185,5850,7281,7642,7728,7936,8338,8568,8894,8928,9676,9784],[4.607168188650764,0.691153161953081,3.5085558999826545,3.8187108282864943,3.8187108282864943,3.8187108282864943,3.0385522707369192,5.117993812416755,4.137164559405029,0.691153161953081,0.6871770135734415,4.830311739964974,4.137164559405029,0.691153161953081,0.691153161953081,4.607168188650764,4.137164559405029,3.914021008090819,3.0385522707369192,4.270695952029551])",0.0
R101,three appear true bill interesting. recent window guess tax peace. rule subject onto hair. experts discuss ongoing developments research.,"(10000,[109,343,2403,3614,4319,4506,4687,4944,5212,5591,5925,6587,7066,7188,8135,8182,8655,8660,9462],[5.117993812416755,4.019381523748645,4.607168188650764,0.6792718340663283,3.8187108282864943,0.691153161953081,0.691153161953081,5.523458920524919,5.117993812416755,3.8187108282864943,4.607168188650764,3.914021008090819,2.8844015909096608,4.830311739964974,4.137164559405029,4.019381523748645,4.607168188650764,4.607168188650764,0.691153161953081])",1.0
R055,pretty enjoy break politics individual. story question order suffer close order. experts discuss ongoing developments research.,"(10000,[668,1226,1805,2947,3188,3497,3614,3919,4506,4687,5564,5887,6135,6855,7066,9462],[4.019381523748645,4.270695952029551,3.8187108282864943,4.137164559405029,5.117993812416755,3.7316994512968646,0.6792718340663283,4.019381523748645,0.691153161953081,0.691153161953081,4.830311739964974,3.6516567436233283,3.7316994512968646,4.830311739964974,2.8844015909096608,0.691153161953081])",1.0
F190,direction example another onto senior expert. — shocking claims secret cure surface internet.,"(10000,[503,1510,3892,4144,4319,5850,6747,7281,7936,8166,8338,8554,9606],[0.691153161953081,5.117993812416755,2.5530444549552183,4.137164559405029,3.8187108282864943,0.691153161953081,2.5530444549552183,0.6871770135734415,0.691153161953081,4.019381523748645,0.691153161953081,4.137164559405029,4.019381523748645])",0.0
R004,behind movement seven law. name century small arm. experts discuss ongoing developments education.,"(10000,[15,222,3614,4346,4506,4687,5047,5294,7841,7850,8497,8538,9462],[4.270695952029551,4.607168188650764,0.6792718340663283,3.914021008090819,0.691153161953081,0.691153161953081,2.6902455764687034,4.270695952029551,3.8187108282864943,4.019381523748645,5.117993812416755,5.117993812416755,0.691153161953081])",1.0
F080,commercial situation add which. game notice tough. director population issue. white hope image without sound. — shocking claims celebrity scandal surface internet.,"(10000,[503,1525,1853,3136,3378,3486,4043,4921,5303,5401,5843,5850,6000,6315,6443,7036,7281,7936,8338,8975,9258,9887],[0.691153161953081,4.42484663185681,4.270695952029551,4.270695952029551,4.830311739964974,2.849310271098391,3.8187108282864943,2.849310271098391,3.8187108282864943,3.914021008090819,4.830311739964974,0.691153161953081,3.914021008090819,5.117993812416755,3.383392757028649,5.117993812416755,0.6871770135734415,0.691153161953081,0.691153161953081,4.607168188650764,4.607168188650764,3.914021008090819])",0.0
F049,little cold deal. yeah effect appear religious. — shocking claims hoax surface internet.,"(10000,[503,1590,3249,3920,4377,5850,6324,7281,7936,8182,8338,8444,9470],[0.691153161953081,3.5085558999826545,3.6516567436233283,4.137164559405029,2.60568818844064,0.691153161953081,4.019381523748645,0.6871770135734415,0.691153161953081,4.019381523748645,0.691153161953081,5.117993812416755,5.117993812416755])",0.0
F184,republican wide capital beat. medical personal. produce must continue identify. — shocking claims secret cure surface internet.,"(10000,[503,743,1023,1648,2836,3892,4404,4616,5850,6541,6747,7281,7488,7936,8268,8338,9612],[0.691153161953081,4.270695952029551,4.019381523748645,4.270695952029551,3.7316994512968646,2.5530444549552183,5.117993812416755,4.137164559405029,0.691153161953081,3.914021008090819,2.5530444549552183,0.6871770135734415,5.117993812416755,0.691153161953081,4.019381523748645,0.691153161953081,5.117993812416755])",0.0
F030,may ago likely simply stage. expert cold vote price. left direction agreement church somebody forward plan. — shocking claims secret cure surface internet.,"(10000,[26,309,503,914,1273,1642,1662,1896,3089,3892,3920,5850,6643,6747,7281,7936,8338,8411,8413,8554,9087,9160,9214],[4.830311739964974,3.6516567436233283,0.691153161953081,4.270695952029551,3.3262343431887,4.137164559405029,4.270695952029551,3.914021008090819,4.270695952029551,2.5530444549552183,4.137164559405029,0.691153161953081,4.830311739964974,2.5530444549552183,0.6871770135734415,0.691153161953081,0.691153161953081,3.577548771469606,3.4440173788450834,4.137164559405029,5.523458920524919,4.830311739964974,3.7316994512968646])",0.0
R213,people special value conference car. edge dark wish him. claim film education think. usually early majority. experts discuss ongoing developments budget report.,"(10000,[495,697,1055,1948,2990,3351,3614,3709,3921,4092,4263,4506,4687,4991,5003,5432,5530,5657,7403,8290,8937,9462],[4.019381523748645,4.607168188650764,4.019381523748645,3.8187108282864943,3.914021008090819,5.117993812416755,0.6792718340663283,5.523458920524919,4.019381523748645,4.137164559405029,3.6516567436233283,0.691153161953081,0.691153161953081,2.503034034380557,3.914021008090819,2.7508701982851385,4.019381523748645,4.607168188650764,3.8187108282864943,4.607168188650764,4.137164559405029,0.691153161953081])",1.0
F128,safe man follow building reveal. choose assume protect whole. cultural important stock study start current. — shocking claims immortal jellyfish surface internet.,"(10000,[503,793,1967,2006,2066,2569,2664,2996,3073,4224,5850,5852,6000,7235,7281,7642,7936,8338,9233,9367,9706,9876],[0.691153161953081,4.137164559405029,4.607168188650764,4.607168188650764,2.7508701982851385,3.577548771469606,4.137164559405029,3.3262343431887,4.830311739964974,4.42484663185681,0.691153161953081,4.270695952029551,3.914021008090819,4.607168188650764,0.6871770135734415,4.830311739964974,0.691153161953081,0.691153161953081,4.137164559405029,4.019381523748645,4.607168188650764,2.7508701982851385])",0.0
R231,national type ask prove. street special sit material program. house step growth consumer real. despite wife recent summer record single. experts discuss ongoing developments policy.,"(10000,[320,1055,1301,1558,3021,3231,3489,3507,3526,3614,3684,4347,4506,4687,5105,5591,5836,5963,6944,6946,7025,7910,9462,9475,9481],[4.42484663185681,4.019381523748645,4.137164559405029,4.607168188650764,4.270695952029551,4.270695952029551,5.523458920524919,4.270695952029551,4.270695952029551,0.6792718340663283,4.137164559405029,3.914021008090819,0.691153161953081,0.691153161953081,5.523458920524919,3.8187108282864943,4.137164559405029,5.117993812416755,2.8154087194227095,3.7316994512968646,5.117993812416755,4.270695952029551,0.691153161953081,4.270695952029551,4.830311739964974])",1.0
R061,institution half close training want top. present woman pick. challenge make woman religious cost trial piece. serious offer commercial. experts discuss ongoing developments technology breakthrough.,"(10000,[1020,1117,1780,2227,2958,3243,3410,3497,3525,3614,4293,4490,4506,4563,4613,4687,5344,5935,6083,7538,7712,8130,9462,9784],[2.661258039595451,4.019381523748645,4.137164559405029,2.7200985396183848,4.270695952029551,4.42484663185681,3.914021008090819,3.7316994512968646,4.270695952029551,0.6792718340663283,4.137164559405029,4.270695952029551,0.691153161953081,8.03876304749729,4.607168188650764,0.691153161953081,5.117993812416755,3.7316994512968646,5.117993812416755,4.137164559405029,4.607168188650764,4.270695952029551,0.691153161953081,4.270695952029551])",1.0
R137,might admit decision speech yet. cup soon mention chair discuss approach. experts discuss ongoing developments education.,"(10000,[502,681,1041,2193,2907,3059,3614,3882,3924,4506,4687,5047,6434,8714,9462],[4.270695952029551,4.42484663185681,4.607168188650764,5.117993812416755,4.42484663185681,4.270695952029551,1.3585436681326566,4.607168188650764,3.383392757028649,0.691153161953081,0.691153161953081,2.6902455764687034,4.830311739964974,4.42484663185681,0.691153161953081])",1.0
R185,sound everybody mother various get. know friend major peace second information. experts discuss ongoing developments technology breakthrough.,"(10000,[354,488,1020,1058,2147,2227,2561,3614,4506,4687,5955,6166,6647,6697,7779,9256,9462],[4.137164559405029,4.270695952029551,2.661258039595451,4.019381523748645,4.607168188650764,2.7200985396183848,4.019381523748645,0.6792718340663283,0.691153161953081,0.691153161953081,4.830311739964974,4.270695952029551,4.270695952029551,4.607168188650764,3.8187108282864943,4.137164559405029,0.691153161953081])",1.0
R204,many blue kind field his. reason area part carry meeting computer. response commercial third leader lot organization. experts discuss ongoing developments technology breakthrough.,"(10000,[20,454,1020,1526,2227,2445,2944,3614,3754,4506,4687,4943,5188,5649,5768,6044,6443,7074,7393,8270,8740,8771,9462],[3.914021008090819,3.172083663361442,2.661258039595451,4.270695952029551,2.7200985396183848,4.270695952029551,4.830311739964974,0.6792718340663283,5.117993812416755,0.691153161953081,0.691153161953081,3.914021008090819,4.137164559405029,4.270695952029551,4.137164559405029,4.830311739964974,3.383392757028649,3.4440173788450834,4.830311739964974,5.117993812416755,4.019381523748645,4.019381523748645,0.691153161953081])",1.0
F217,attention energy boy. partner best mission perhaps crime. — shocking claims immortal jellyfish surface internet.,"(10000,[116,278,503,763,1259,2066,3144,5850,6069,7281,7936,8046,8307,8338,9876],[3.577548771469606,4.42484663185681,0.691153161953081,4.830311739964974,3.8187108282864943,2.7508701982851385,4.270695952029551,0.691153161953081,4.270695952029551,0.6871770135734415,0.691153161953081,5.117993812416755,4.019381523748645,0.691153161953081,2.7508701982851385])",0.0
F176,traditional either new whose court week. ball standard forward program show government. arrive piece big half factor real. sign wide partner offer recent better care. — shocking claims miracle drug surface internet.,"(10000,[116,503,573,585,1256,1780,2302,2543,2836,2958,2967,3048,3133,4019,4486,4568,5390,5591,5710,5850,5963,6756,7281,7391,7492,7860,7936,8338,8411,9126,9539,9561],[3.577548771469606,0.691153161953081,4.137164559405029,3.5085558999826545,3.125563647726549,4.137164559405029,5.523458920524919,3.2208738275308737,3.7316994512968646,4.270695952029551,4.137164559405029,4.137164559405029,4.42484663185681,4.270695952029551,4.607168188650764,4.830311739964974,5.117993812416755,3.8187108282864943,5.523458920524919,0.691153161953081,5.117993812416755,3.8187108282864943,0.6871770135734415,4.607168188650764,4.137164559405029,2.997730276216664,0.691153161953081,0.691153161953081,3.577548771469606,3.914021008090819,4.019381523748645,4.270695952029551])",0.0
R245,development board hair song play. another break force certainly oil. evidence race. experts discuss ongoing developments technology breakthrough.,"(10000,[320,391,668,673,1020,1990,2054,2227,2871,3614,4506,4517,4687,7350,7454,7664,8166,9462],[4.42484663185681,4.607168188650764,4.019381523748645,4.270695952029551,2.661258039595451,5.117993812416755,4.270695952029551,2.7200985396183848,4.830311739964974,0.6792718340663283,0.691153161953081,5.117993812416755,0.691153161953081,4.42484663185681,4.607168188650764,5.117993812416755,4.019381523748645,0.691153161953081])",1.0
R104,response accept computer resource large. test training must fill individual. experts discuss ongoing developments election.,"(10000,[1023,1670,2445,2657,3188,3556,3614,3713,4506,4687,6586,7538,8151,9462,9727],[4.019381523748645,4.42484663185681,4.270695952029551,3.577548771469606,5.117993812416755,2.8844015909096608,0.6792718340663283,5.523458920524919,0.691153161953081,0.691153161953081,4.137164559405029,4.137164559405029,4.137164559405029,0.691153161953081,4.137164559405029])",1.0
F156,impact candidate similar father. — shocking claims flat earth surface internet.,"(10000,[503,1972,2918,4358,5850,7046,7281,7936,8338,9132,9676],[0.691153161953081,4.42484663185681,3.0385522707369192,4.137164559405029,0.691153161953081,4.830311739964974,0.6871770135734415,0.691153161953081,0.691153161953081,4.830311739964974,3.0385522707369192])",0.0
R194,practice draw set story memory blood. sport sister grow even majority necessary this. experts discuss ongoing developments election.,"(10000,[2404,3521,3556,3614,4280,4349,4506,4687,4963,5342,6406,6855,6941,7979,8167,8278,9244,9462],[4.137164559405029,4.019381523748645,2.8844015909096608,0.6792718340663283,3.6516567436233283,5.523458920524919,0.691153161953081,0.691153161953081,4.607168188650764,4.42484663185681,4.137164559405029,4.830311739964974,4.270695952029551,3.914021008090819,4.019381523748645,4.019381523748645,4.42484663185681,0.691153161953081])",1.0
R161,girl job baby happen democratic me. mr later clear adult. experts discuss ongoing developments technology breakthrough.,"(10000,[557,560,1020,1029,1348,1611,2227,2647,3614,4506,4687,4704,5177,5606,7904,9462],[4.137164559405029,4.270695952029551,2.661258039595451,3.914021008090819,4.019381523748645,4.42484663185681,2.7200985396183848,4.270695952029551,0.6792718340663283,0.691153161953081,0.691153161953081,4.42484663185681,5.117993812416755,4.42484663185681,5.117993812416755,0.691153161953081])",1.0
F113,hear show floor. factor little affect. — shocking claims immortal jellyfish surface internet.,"(10000,[503,1590,2066,2920,4019,4842,5692,5850,7281,7936,8338,9561,9876],[0.691153161953081,3.5085558999826545,2.7508701982851385,4.607168188650764,4.270695952029551,4.42484663185681,5.117993812416755,0.691153161953081,0.6871770135734415,0.691153161953081,0.691153161953081,4.270695952029551,2.7508701982851385])",0.0
F150,world think group newspaper blue sea beyond. ask sport traditional create. — shocking claims hoax surface internet.,"(10000,[142,503,2335,3238,3507,4377,4486,5768,5850,6808,7281,7766,7936,8278,8338,9360,9617],[4.830311739964974,0.691153161953081,4.137164559405029,4.270695952029551,4.270695952029551,2.60568818844064,4.607168188650764,4.137164559405029,0.691153161953081,4.42484663185681,0.6871770135734415,4.270695952029551,0.691153161953081,4.019381523748645,0.691153161953081,3.7316994512968646,4.270695952029551])",0.0
F047,shake party least high billion plant religious. investment understand boy only. — shocking claims miracle drug surface internet.,"(10000,[157,258,503,1243,1256,1379,1562,1634,2116,2180,5850,6487,7244,7281,7860,7936,8338,8444],[4.137164559405029,4.42484663185681,0.691153161953081,3.6516567436233283,3.125563647726549,5.117993812416755,4.607168188650764,4.830311739964974,4.137164559405029,4.019381523748645,0.691153161953081,3.914021008090819,3.4440173788450834,0.6871770135734415,2.997730276216664,0.691153161953081,0.691153161953081,5.117993812416755])",0.0
F008,community billion serve issue. age nature beyond tv budget. — shocking claims hoax surface internet.,"(10000,[258,503,1222,1725,3378,3611,4377,4547,5850,7281,7936,8174,8338,8791,8900],[4.42484663185681,0.691153161953081,5.117993812416755,4.830311739964974,4.830311739964974,4.42484663185681,2.60568818844064,4.019381523748645,0.691153161953081,0.6871770135734415,0.691153161953081,4.42484663185681,0.691153161953081,4.42484663185681,4.270695952029551])",0.0
F229,wind religious perhaps determine smile concern. sit truth blue. year inside course whose give. — shocking claims aliens surface internet.,"(10000,[503,650,1259,2069,2558,2713,2722,3652,4293,5850,6946,7281,7734,7936,8338,8759,8899,9066,9539,9719],[0.691153161953081,2.958509563063383,3.8187108282864943,4.137164559405029,4.270695952029551,4.137164559405029,5.523458920524919,4.019381523748645,4.137164559405029,0.691153161953081,3.7316994512968646,0.6871770135734415,4.019381523748645,0.691153161953081,0.691153161953081,4.830311739964974,3.8187108282864943,4.137164559405029,4.019381523748645,4.830311739964974])",0.0
R001,prepare join carry unit main. mr clearly receive. experts discuss ongoing developments research.,"(10000,[454,2286,2647,2687,3614,4506,4687,6335,7066,8238,8952,9462,9668],[3.172083663361442,4.42484663185681,4.270695952029551,4.830311739964974,0.6792718340663283,0.691153161953081,0.691153161953081,4.270695952029551,2.8844015909096608,4.270695952029551,4.270695952029551,0.691153161953081,5.117993812416755])",1.0
R241,unit add trip first significant action tell. age hit two sure. experts discuss ongoing developments public health.,"(10000,[1173,1770,3614,4506,4687,4728,5782,6219,6335,6403,6633,8252,8552,8791,9083,9462,9887],[5.523458920524919,3.125563647726549,0.6792718340663283,0.691153161953081,0.691153161953081,3.6516567436233283,4.270695952029551,3.0385522707369192,4.270695952029551,4.137164559405029,4.270695952029551,4.270695952029551,4.137164559405029,4.42484663185681,4.607168188650764,0.691153161953081,3.914021008090819])",1.0
R198,southern certainly size remember policy candidate stock. bit light. idea term music low every against. experts discuss ongoing developments climate change.,"(10000,[673,821,1989,2059,2188,3192,3614,3743,4142,4358,4390,4506,4644,4687,5417,5685,5958,6370,8411,9462,9681],[4.270695952029551,2.849310271098391,4.42484663185681,2.6902455764687034,4.019381523748645,4.137164559405029,0.6792718340663283,4.270695952029551,4.830311739964974,4.137164559405029,5.523458920524919,0.691153161953081,5.523458920524919,0.691153161953081,5.523458920524919,4.019381523748645,3.914021008090819,5.117993812416755,3.577548771469606,0.691153161953081,4.019381523748645])",1.0
R229,seek expect science want near think. career shoulder four artist baby operation able. experts discuss ongoing developments research.,"(10000,[171,1243,1348,1948,3363,3614,3691,4506,4687,4930,5922,5974,6756,7066,7712,8730,8931,9462],[3.914021008090819,3.6516567436233283,4.019381523748645,3.8187108282864943,4.42484663185681,0.6792718340663283,4.42484663185681,0.691153161953081,0.691153161953081,4.137164559405029,4.137164559405029,3.8187108282864943,3.8187108282864943,2.8844015909096608,4.607168188650764,4.42484663185681,4.42484663185681,0.691153161953081])",1.0
R205,floor religious visit general along risk. newspaper career state democratic nothing degree. experts discuss ongoing developments public health.,"(10000,[698,1770,1808,2840,3238,3614,4292,4293,4319,4506,4687,4928,4930,5465,5606,6219,6711,9462],[4.607168188650764,3.125563647726549,4.137164559405029,3.6516567436233283,4.270695952029551,0.6792718340663283,4.270695952029551,4.137164559405029,3.8187108282864943,0.691153161953081,0.691153161953081,4.830311739964974,4.137164559405029,4.270695952029551,4.42484663185681,3.0385522707369192,5.117993812416755,0.691153161953081])",1.0
F123,development chance picture well. reality hold professional yes. — shocking claims celebrity scandal surface internet.,"(10000,[346,503,680,2155,2389,2481,2601,2871,3486,4921,5850,7281,7936,8338,8833],[4.270695952029551,0.691153161953081,4.019381523748645,4.019381523748645,5.117993812416755,4.019381523748645,5.523458920524919,4.830311739964974,2.849310271098391,2.849310271098391,0.691153161953081,0.6871770135734415,0.691153161953081,0.691153161953081,5.117993812416755])",0.0
F043,rise stage past condition plant. describe practice family understand behavior. — shocking claims celebrity scandal surface internet.,"(10000,[30,503,3486,4280,4816,4921,5328,5850,6487,6988,7085,7178,7281,7936,8297,8338,9275],[4.137164559405029,0.691153161953081,2.849310271098391,3.6516567436233283,3.7316994512968646,2.849310271098391,3.4440173788450834,0.691153161953081,3.914021008090819,4.607168188650764,3.8187108282864943,4.830311739964974,0.6871770135734415,0.691153161953081,4.607168188650764,0.691153161953081,4.607168188650764])",0.0
F097,ground ok dog economic. often difficult issue move. suffer feeling reveal question six type. — shocking claims celebrity scandal surface internet.,"(10000,[7,503,613,1507,1712,2007,2645,2947,3486,4921,5401,5760,5850,6135,6487,6616,7281,7936,8338,9564,9700],[4.137164559405029,0.691153161953081,4.019381523748645,4.270695952029551,4.137164559405029,5.117993812416755,4.137164559405029,4.137164559405029,2.849310271098391,2.849310271098391,3.914021008090819,4.270695952029551,0.691153161953081,3.7316994512968646,3.914021008090819,3.914021008090819,0.6871770135734415,0.691153161953081,0.691153161953081,4.830311739964974,5.117993812416755])",0.0
R014,perform century party region set particularly true. girl season knowledge. save staff stock pm society let allow. experts discuss ongoing developments research.,"(10000,[327,793,1029,1098,1379,2358,3614,4506,4520,4687,5342,5493,6224,6443,6805,7026,7066,7601,7841,8159,8267,9462],[5.117993812416755,4.137164559405029,3.914021008090819,3.577548771469606,5.117993812416755,4.270695952029551,0.6792718340663283,0.691153161953081,4.019381523748645,0.691153161953081,4.42484663185681,4.830311739964974,4.019381523748645,3.383392757028649,5.117993812416755,4.019381523748645,2.8844015909096608,5.117993812416755,3.8187108282864943,4.019381523748645,4.270695952029551,0.691153161953081])",1.0
F005,hot chair market activity short machine. — shocking claims flat earth surface internet.,"(10000,[503,681,1262,1902,2657,2918,5850,7281,7936,8110,8338,9676,9693],[0.691153161953081,4.42484663185681,4.137164559405029,4.830311739964974,3.577548771469606,3.0385522707369192,0.691153161953081,0.6871770135734415,0.691153161953081,4.607168188650764,0.691153161953081,3.0385522707369192,4.137164559405029])",0.0
R234,agent early activity pm campaign stay. mouth travel material media. capital one particularly everybody today finish toward. experts discuss ongoing developments research.,"(10000,[815,2561,3231,3248,3614,4092,4506,4531,4687,5016,6443,6541,6578,6675,7026,7066,7497,8110,8681,9462,9766,9806],[4.019381523748645,4.019381523748645,4.270695952029551,5.117993812416755,0.6792718340663283,4.137164559405029,0.691153161953081,4.830311739964974,0.691153161953081,3.8187108282864943,3.383392757028649,3.914021008090819,3.8187108282864943,4.019381523748645,4.019381523748645,2.8844015909096608,3.914021008090819,4.607168188650764,4.019381523748645,0.691153161953081,4.607168188650764,4.830311739964974])",1.0
F143,way simple throw everything give. key performance week cause. occur concern cup skill hotel. — shocking claims aliens surface internet.,"(10000,[503,650,1921,1968,2913,3059,3131,5122,5169,5850,7070,7281,7936,8325,8338,8759,9156,9351,9391,9968],[0.691153161953081,2.958509563063383,4.019381523748645,4.830311739964974,3.8187108282864943,4.270695952029551,4.607168188650764,4.137164559405029,5.523458920524919,0.691153161953081,5.117993812416755,0.6871770135734415,0.691153161953081,4.830311739964974,0.691153161953081,4.830311739964974,3.7316994512968646,4.607168188650764,4.019381523748645,4.607168188650764])",0.0
R073,guy order thought fast hot. three station land firm. later southern two remember though. experts discuss ongoing developments economic growth.,"(10000,[55,94,560,1226,2551,3614,3743,4498,4506,4687,4728,5685,5925,7148,8415,9012,9034,9144,9263,9462],[4.137164559405029,4.830311739964974,4.270695952029551,4.270695952029551,5.523458920524919,0.6792718340663283,4.270695952029551,4.830311739964974,0.691153161953081,0.691153161953081,3.6516567436233283,4.019381523748645,4.607168188650764,4.137164559405029,4.019381523748645,5.117993812416755,2.920769235080536,2.7508701982851385,4.270695952029551,0.691153161953081])",1.0
R239,become save direction. read consumer artist machine. course interesting difficult much per. experts discuss ongoing developments education.,"(10000,[524,1236,1712,1902,3614,3634,3652,4506,4520,4687,5047,7090,7650,8931,9462,9475,9547],[3.4440173788450834,4.830311739964974,4.137164559405029,4.830311739964974,0.6792718340663283,4.137164559405029,4.019381523748645,0.691153161953081,4.019381523748645,0.691153161953081,2.6902455764687034,4.42484663185681,4.830311739964974,4.42484663185681,0.691153161953081,4.270695952029551,5.523458920524919])",1.0
F181,future walk face mouth treat without. care people them. become compare arrive goal hundred. — shocking claims aliens surface internet.,"(10000,[503,650,3804,4034,4263,5089,5310,5850,6142,6488,7090,7281,7391,7497,7692,7936,8338,8750,8957,9246],[0.691153161953081,2.958509563063383,5.523458920524919,3.914021008090819,3.6516567436233283,4.42484663185681,4.137164559405029,0.691153161953081,4.830311739964974,3.914021008090819,4.42484663185681,0.6871770135734415,4.607168188650764,3.914021008090819,5.523458920524919,0.691153161953081,0.691153161953081,4.270695952029551,5.523458920524919,4.137164559405029])",0.0
R138,international back son. experts discuss ongoing developments election.,"(10000,[188,1440,3556,3614,4506,4687,8430,9462],[4.270695952029551,5.117993812416755,2.8844015909096608,0.6792718340663283,0.691153161953081,0.691153161953081,5.523458920524919,0.691153161953081])",1.0
R172,help claim onto stock room government better. admit chair to. experts discuss ongoing developments economic growth.,"(10000,[494,681,793,2259,3614,4319,4506,4687,7078,8714,8937,9034,9144,9347,9413,9462],[4.270695952029551,4.42484663185681,4.137164559405029,2.8154087194227095,0.6792718340663283,3.8187108282864943,0.691153161953081,0.691153161953081,5.523458920524919,4.42484663185681,4.137164559405029,2.920769235080536,2.7508701982851385,4.607168188650764,5.523458920524919,0.691153161953081])",1.0
R143,specific poor parent use have. machine soldier. experts discuss ongoing developments policy.,"(10000,[939,2059,3614,4506,4687,4882,5133,6944,8040,8103,9462,9932],[5.523458920524919,2.6902455764687034,0.6792718340663283,0.691153161953081,0.691153161953081,5.117993812416755,4.137164559405029,2.8154087194227095,3.914021008090819,4.42484663185681,0.691153161953081,4.830311739964974])",1.0
F166,ready report alone evening recently. serve certainly score account house son above. example throw control alone sea drive. several fire always they. — shocking claims mind control surface internet.,"(10000,[209,503,673,1031,1208,1725,1777,1927,2406,2492,3184,5191,5286,5836,5850,6505,6557,7281,7936,8325,8338,9011,9187,9227,9391,9606,9617],[3.8187108282864943,0.691153161953081,4.270695952029551,5.117993812416755,5.322516079190902,4.830311739964974,5.117993812416755,3.914021008090819,4.607168188650764,7.463398902593729,2.920769235080536,3.8187108282864943,3.8187108282864943,4.137164559405029,0.691153161953081,5.117993812416755,3.7316994512968646,0.6871770135734415,0.691153161953081,4.830311739964974,0.691153161953081,4.019381523748645,4.607168188650764,4.830311739964974,4.019381523748645,4.019381523748645,4.270695952029551])",0.0
R003,friend rich another. inside environment hundred step. dinner bed law explain good. experts discuss ongoing developments budget report.,"(10000,[488,2240,2407,2835,3079,3614,3979,4506,4687,4991,5175,5341,5432,6212,7963,9066,9462,9497],[4.270695952029551,4.42484663185681,4.830311739964974,5.117993812416755,3.914021008090819,0.6792718340663283,4.607168188650764,0.691153161953081,0.691153161953081,2.503034034380557,3.914021008090819,4.607168188650764,2.7508701982851385,4.830311739964974,4.019381523748645,4.137164559405029,0.691153161953081,4.137164559405029])",1.0
R167,significant bit record give thought pm. deal south clearly. experts discuss ongoing developments climate change.,"(10000,[55,821,1433,1985,1989,2059,3614,3783,4347,4506,4687,4816,6486,8552,9462],[4.137164559405029,2.849310271098391,3.914021008090819,5.117993812416755,4.42484663185681,2.6902455764687034,0.6792718340663283,4.270695952029551,3.914021008090819,0.691153161953081,0.691153161953081,3.7316994512968646,5.523458920524919,4.137164559405029,0.691153161953081])",1.0
R183,man professor blue road policy. feeling operation fight market human lead out. experts discuss ongoing developments climate change.,"(10000,[613,821,2059,2526,2543,2569,2657,3614,4506,4687,5356,5725,5768,5778,5922,6944,8303,9462],[4.019381523748645,2.849310271098391,2.6902455764687034,4.137164559405029,3.2208738275308737,3.577548771469606,3.577548771469606,0.6792718340663283,0.691153161953081,0.691153161953081,4.42484663185681,4.019381523748645,4.137164559405029,5.523458920524919,4.137164559405029,2.8154087194227095,4.830311739964974,0.691153161953081])",1.0
R238,shoulder family office benefit feel maybe. personal project central. experts discuss ongoing developments technology breakthrough.,"(10000,[1020,2227,2230,2875,3115,3614,4506,4687,5653,6271,6756,7939,8297,8344,9462],[2.661258039595451,2.7200985396183848,3.914021008090819,4.830311739964974,4.137164559405029,0.6792718340663283,0.691153161953081,0.691153161953081,4.270695952029551,4.270695952029551,3.8187108282864943,4.607168188650764,4.607168188650764,4.019381523748645,0.691153161953081])",1.0
R041,wide position ago project local. thought argue part leader simple. experts discuss ongoing developments election.,"(10000,[55,1339,1526,1896,2230,2836,3556,3614,3730,4506,4687,4805,8740,9325,9462],[4.137164559405029,4.019381523748645,4.270695952029551,3.914021008090819,3.914021008090819,3.7316994512968646,2.8844015909096608,0.6792718340663283,4.607168188650764,0.691153161953081,0.691153161953081,5.117993812416755,4.019381523748645,5.117993812416755,0.691153161953081])",1.0
F237,interesting drive politics size. although teacher low the. — shocking claims government cover-up surface internet.,"(10000,[503,2259,2260,3634,5850,5887,6325,6532,7281,7779,7936,8338,8411,8708,9813],[0.691153161953081,2.8154087194227095,5.117993812416755,4.137164559405029,0.691153161953081,3.6516567436233283,4.607168188650764,5.117993812416755,0.6871770135734415,3.8187108282864943,0.691153161953081,0.691153161953081,3.577548771469606,4.137164559405029,2.997730276216664])",0.0
R086,trade player hand. analysis something gas author computer. experts discuss ongoing developments research.,"(10000,[419,1296,3614,4506,4687,5607,6604,7066,7393,9350,9462,9826,9878],[4.42484663185681,4.42484663185681,0.6792718340663283,0.691153161953081,0.691153161953081,4.607168188650764,4.42484663185681,2.8844015909096608,4.830311739964974,4.019381523748645,0.691153161953081,4.42484663185681,4.137164559405029])",1.0
R240,break find total force. religious site bring area sometimes. decade understand future small full stage difficult. experts discuss ongoing developments policy.,"(10000,[30,222,668,1144,3057,3614,4293,4506,4687,5649,5891,6030,6279,6291,6487,6488,6944,7337,7510,8897,9462],[4.137164559405029,4.607168188650764,4.019381523748645,5.117993812416755,3.6516567436233283,0.6792718340663283,4.137164559405029,0.691153161953081,0.691153161953081,4.270695952029551,4.830311739964974,4.270695952029551,4.830311739964974,5.117993812416755,3.914021008090819,3.914021008090819,2.8154087194227095,5.117993812416755,4.42484663185681,3.8187108282864943,0.691153161953081])",1.0
R133,sometimes activity yard behind social none. plan benefit lay employee. hit road enjoy crime new financial technology. experts discuss ongoing developments public health.,"(10000,[424,585,731,823,1770,1805,3614,4346,4475,4506,4687,5653,5725,5760,5869,6123,6219,7407,8110,8252,8408,8893,9462],[3.8187108282864943,3.5085558999826545,4.42484663185681,3.7316994512968646,3.125563647726549,3.8187108282864943,0.6792718340663283,3.914021008090819,4.42484663185681,0.691153161953081,0.691153161953081,4.270695952029551,4.019381523748645,4.270695952029551,4.270695952029551,4.42484663185681,3.0385522707369192,4.830311739964974,4.607168188650764,4.270695952029551,4.137164559405029,3.914021008090819,0.691153161953081])",1.0
F044,four return prove too. series age six. — shocking claims hoax surface internet.,"(10000,[503,635,1243,3004,4377,4463,5214,5850,7281,7936,8338,8791,9873],[0.691153161953081,4.137164559405029,3.6516567436233283,5.117993812416755,2.60568818844064,4.607168188650764,4.830311739964974,0.691153161953081,0.6871770135734415,0.691153161953081,0.691153161953081,4.42484663185681,5.117993812416755])",0.0
F125,others remain hotel black partner though drive together. teacher speech team almost. — shocking claims government cover-up surface internet.,"(10000,[116,468,502,503,1140,1948,2259,2663,3225,3385,5205,5850,6325,6940,7281,7936,8338,8708,9813],[3.577548771469606,4.137164559405029,4.270695952029551,0.691153161953081,4.830311739964974,3.8187108282864943,2.8154087194227095,3.914021008090819,5.523458920524919,4.607168188650764,4.607168188650764,0.691153161953081,4.607168188650764,3.4440173788450834,0.6871770135734415,0.691153161953081,0.691153161953081,4.137164559405029,2.997730276216664])",0.0
F165,future dog. attention run effort be. across ready any. — shocking claims secret cure surface internet.,"(10000,[266,503,1122,3144,3892,5547,5726,5850,6488,6557,6562,6747,7074,7281,7936,8338],[4.019381523748645,0.691153161953081,4.607168188650764,4.270695952029551,2.5530444549552183,4.830311739964974,4.42484663185681,0.691153161953081,3.914021008090819,3.7316994512968646,5.117993812416755,2.5530444549552183,3.4440173788450834,0.6871770135734415,0.691153161953081,0.691153161953081])",0.0
F137,movie beautiful. trade happen spring arrive. represent book race conference go although get. — shocking claims flat earth surface internet.,"(10000,[393,419,454,503,870,1439,1644,2147,2918,4704,5657,5842,5850,6451,7281,7779,7936,8338,8717,9676],[4.607168188650764,4.42484663185681,3.172083663361442,0.691153161953081,4.830311739964974,4.42484663185681,4.830311739964974,4.607168188650764,3.0385522707369192,4.42484663185681,4.607168188650764,4.830311739964974,0.691153161953081,4.137164559405029,0.6871770135734415,3.8187108282864943,0.691153161953081,0.691153161953081,5.117993812416755,3.0385522707369192])",0.0
R088,hot discuss board issue every beyond hot. seat open spend one hand energy up. less deal nothing term tell within cold possible. experts discuss ongoing developments research.,"(10000,[47,353,796,815,1195,1433,1850,2188,2272,3423,3614,3920,4292,4498,4506,4687,5783,6616,7066,7454,8307,8900,9462,9681,9693,9817],[4.607168188650764,3.914021008090819,5.117993812416755,4.019381523748645,4.019381523748645,3.914021008090819,3.8187108282864943,4.019381523748645,4.830311739964974,4.137164559405029,1.3585436681326566,4.137164559405029,4.270695952029551,4.830311739964974,0.691153161953081,0.691153161953081,4.270695952029551,3.914021008090819,2.8844015909096608,4.607168188650764,4.019381523748645,4.270695952029551,0.691153161953081,4.019381523748645,4.137164559405029,4.019381523748645])",1.0
R169,field budget key exist certainly focus already. kitchen and. star company take. experts discuss ongoing developments technology breakthrough.,"(10000,[673,756,942,1020,2086,2227,3131,3614,3931,4357,4506,4687,4991,5170,6602,7074,9181,9462],[4.270695952029551,4.42484663185681,4.270695952029551,2.661258039595451,4.830311739964974,2.7200985396183848,4.607168188650764,0.6792718340663283,3.8187108282864943,5.117993812416755,0.691153161953081,0.691153161953081,2.503034034380557,4.607168188650764,5.523458920524919,3.4440173788450834,4.607168188650764,0.691153161953081])",1.0
R193,move man contain site. television still local. first every professor box. meet beautiful occur property plant eat attack. experts discuss ongoing developments technology breakthrough.,"(10000,[1020,1273,1921,2227,2543,2569,2733,3614,3643,3712,4506,4648,4687,6282,6403,7244,7276,7493,8713,8774,9325,9462,9681,9940],[2.661258039595451,3.3262343431887,4.019381523748645,2.7200985396183848,3.2208738275308737,3.577548771469606,4.019381523748645,0.6792718340663283,5.523458920524919,4.137164559405029,0.691153161953081,5.117993812416755,0.691153161953081,4.270695952029551,4.137164559405029,3.4440173788450834,4.830311739964974,4.137164559405029,4.137164559405029,5.523458920524919,5.117993812416755,0.691153161953081,4.019381523748645,4.270695952029551])",1.0
F247,political condition democratic issue. meeting make. — shocking claims mind control surface internet.,"(10000,[20,503,1208,3184,3378,3935,5328,5606,5850,7281,7576,7936,8338],[3.914021008090819,0.691153161953081,2.661258039595451,2.920769235080536,4.830311739964974,3.6516567436233283,3.4440173788450834,4.42484663185681,0.691153161953081,0.6871770135734415,5.523458920524919,0.691153161953081,0.691153161953081])",0.0
R179,quite glass section name less happy miss. author article indeed similar must character partner. experts discuss ongoing developments technology breakthrough.,"(10000,[15,1020,1023,1195,1702,2227,3614,4506,4590,4687,4867,4934,5347,6056,6932,6961,6968,7046,9350,9462],[4.270695952029551,2.661258039595451,4.019381523748645,4.019381523748645,4.607168188650764,2.7200985396183848,0.6792718340663283,0.691153161953081,4.830311739964974,0.691153161953081,3.914021008090819,4.830311739964974,3.914021008090819,4.019381523748645,4.270695952029551,5.523458920524919,4.137164559405029,4.830311739964974,4.019381523748645,0.691153161953081])",1.0
F138,art heart child produce tell be. firm human culture draw. teach doctor respond perform. — shocking claims immortal jellyfish surface internet.,"(10000,[503,777,1648,1850,2066,2500,3759,5850,6562,7244,7281,7854,7936,8303,8338,8522,8645,8894,9513,9808,9876],[0.691153161953081,4.607168188650764,4.270695952029551,3.8187108282864943,2.7508701982851385,4.137164559405029,4.830311739964974,0.691153161953081,5.117993812416755,3.4440173788450834,0.6871770135734415,4.42484663185681,0.691153161953081,4.830311739964974,0.691153161953081,4.830311739964974,3.914021008090819,4.137164559405029,3.914021008090819,4.137164559405029,2.7508701982851385])",0.0
R017,new next every morning perhaps. raise. experts discuss ongoing developments policy.,"(10000,[585,3160,3614,4506,4687,5441,6944,7593,8273,9462,9681],[3.5085558999826545,4.42484663185681,0.6792718340663283,0.691153161953081,0.691153161953081,5.523458920524919,2.8154087194227095,4.830311739964974,4.830311739964974,0.691153161953081,4.019381523748645])",1.0
F090,property save body economy usually. billion authority. impact trial middle compare rock partner. — shocking claims mind control surface internet.,"(10000,[217,258,503,574,841,1208,1972,2006,2733,3184,3410,4520,4590,5850,6652,7281,7936,8338,9246,9878],[4.607168188650764,4.42484663185681,0.691153161953081,4.019381523748645,3.8187108282864943,2.661258039595451,4.42484663185681,4.607168188650764,4.019381523748645,2.920769235080536,3.914021008090819,4.019381523748645,4.830311739964974,0.691153161953081,4.830311739964974,0.6871770135734415,0.691153161953081,0.691153161953081,4.137164559405029,4.137164559405029])",0.0
F222,us determine evening career choice finish area. major stage newspaper. role south water theory operation. — shocking claims mind control surface internet.,"(10000,[30,503,1058,1208,1468,2589,3184,3350,4105,4737,4816,4930,5286,5850,5887,6053,6578,6660,7281,7734,7936,8338],[4.137164559405029,0.691153161953081,4.019381523748645,2.661258039595451,4.42484663185681,4.270695952029551,2.920769235080536,4.137164559405029,5.523458920524919,5.523458920524919,3.7316994512968646,4.137164559405029,3.8187108282864943,0.691153161953081,3.6516567436233283,3.577548771469606,3.8187108282864943,4.830311739964974,0.6871770135734415,4.019381523748645,0.691153161953081,0.691153161953081])",0.0
R114,company feeling true child modern write add. identify successful glass. range son point thousand without kid since. week lose second identify project. experts discuss ongoing developments climate change.,"(10000,[165,209,613,821,942,2059,2336,3614,3723,3967,4043,4416,4422,4506,4687,5101,5122,5445,5659,6798,7188,7244,7699,8344,9256,9432,9462],[4.137164559405029,3.8187108282864943,4.019381523748645,2.849310271098391,4.270695952029551,2.6902455764687034,4.137164559405029,0.6792718340663283,3.914021008090819,8.274329118810059,3.8187108282864943,4.42484663185681,4.019381523748645,0.691153161953081,0.691153161953081,5.523458920524919,4.137164559405029,4.270695952029551,4.270695952029551,4.830311739964974,4.830311739964974,3.4440173788450834,5.117993812416755,4.019381523748645,4.137164559405029,4.137164559405029,0.691153161953081])",1.0
F235,end bad. choose school stuff professional service. — shocking claims celebrity scandal surface internet.,"(10000,[453,503,2155,2679,3486,3935,4221,4921,5850,7281,7722,7936,8338,9706],[3.8187108282864943,0.691153161953081,4.019381523748645,4.019381523748645,2.849310271098391,3.6516567436233283,5.117993812416755,2.849310271098391,0.691153161953081,0.6871770135734415,4.270695952029551,0.691153161953081,0.691153161953081,4.607168188650764])",0.0
F185,rule century student people its. thank picture culture. — shocking claims hoax surface internet.,"(10000,[343,503,1687,2481,3536,4263,4377,5703,5850,7015,7281,7841,7936,8338],[4.019381523748645,0.691153161953081,4.607168188650764,4.019381523748645,4.270695952029551,3.6516567436233283,2.60568818844064,5.117993812416755,0.691153161953081,5.117993812416755,0.6871770135734415,3.8187108282864943,0.691153161953081,0.691153161953081])",0.0
F221,bar factor eight consider cultural evening between. win media century area whole. — shocking claims flat earth surface internet.,"(10000,[312,503,1209,2398,2918,3011,3073,5286,5649,5850,7281,7332,7841,7936,8338,8482,9233,9561,9676],[4.019381523748645,0.691153161953081,4.270695952029551,3.914021008090819,3.0385522707369192,5.117993812416755,4.830311739964974,3.8187108282864943,4.270695952029551,0.691153161953081,0.6871770135734415,3.914021008090819,3.8187108282864943,0.691153161953081,0.691153161953081,4.270695952029551,4.137164559405029,4.270695952029551,3.0385522707369192])",0.0
F054,billion answer plant seem. — shocking claims secret cure surface internet.,"(10000,[258,503,3619,3892,4502,5850,6747,7244,7281,7936,8338],[4.42484663185681,0.691153161953081,4.42484663185681,2.5530444549552183,4.830311739964974,0.691153161953081,2.5530444549552183,3.4440173788450834,0.6871770135734415,0.691153161953081,0.691153161953081])",0.0
R000,way point energy more. body station big computer close identify. experts discuss ongoing developments public health.,"(10000,[416,841,1770,3048,3497,3614,4416,4506,4687,6219,7488,8151,8307,8415,9391,9462],[4.830311739964974,3.8187108282864943,3.125563647726549,4.137164559405029,3.7316994512968646,0.6792718340663283,4.42484663185681,0.691153161953081,0.691153161953081,3.0385522707369192,5.117993812416755,4.137164559405029,4.019381523748645,4.019381523748645,4.019381523748645,0.691153161953081])",1.0
R178,chance health tax us. fear remember culture price. purpose cultural new able. experts discuss ongoing developments budget report.,"(10000,[26,346,585,3614,4506,4687,4991,5432,5685,6587,8089,8645,8730,8805,9233,9462,9513,9679],[4.830311739964974,4.270695952029551,3.5085558999826545,0.6792718340663283,0.691153161953081,0.691153161953081,2.503034034380557,2.7508701982851385,4.019381523748645,3.914021008090819,4.42484663185681,3.914021008090819,4.42484663185681,4.607168188650764,4.137164559405029,0.691153161953081,3.914021008090819,5.117993812416755])",1.0
F006,police ask effect him. — shocking claims hoax surface internet.,"(10000,[503,3351,3507,3876,4377,5850,6324,7281,7936,8338],[0.691153161953081,5.117993812416755,4.270695952029551,4.270695952029551,2.60568818844064,0.691153161953081,4.019381523748645,0.6871770135734415,0.691153161953081,0.691153161953081])",0.0
F174,cell especially kid use unit. success positive bed. — shocking claims secret cure surface internet.,"(10000,[1,503,2471,3210,3723,3892,5133,5850,6747,7281,7936,8173,8338,9166,9828],[4.270695952029551,0.691153161953081,5.117993812416755,4.019381523748645,3.914021008090819,2.5530444549552183,4.137164559405029,0.691153161953081,2.5530444549552183,0.6871770135734415,0.691153161953081,3.8187108282864943,0.691153161953081,5.117993812416755,4.607168188650764])",0.0
R009,friend write happy test man hand computer. practice ago share order when. knowledge none wide along seek. experts discuss ongoing developments election.,"(10000,[488,1226,1896,2569,2836,2840,2922,3423,3556,3614,3947,4280,4506,4687,5347,5445,6422,6586,7393,7864,9462,9831],[4.270695952029551,4.270695952029551,3.914021008090819,3.577548771469606,3.7316994512968646,3.6516567436233283,5.117993812416755,4.137164559405029,2.8844015909096608,0.6792718340663283,4.019381523748645,3.6516567436233283,0.691153161953081,0.691153161953081,3.914021008090819,4.270695952029551,5.523458920524919,4.137164559405029,4.830311739964974,4.137164559405029,0.691153161953081,4.42484663185681])",1.0
R122,american theory attorney identify affect. big determine hotel together easy i. experts discuss ongoing developments economic growth.,"(10000,[564,760,1468,2663,3048,3614,3967,4506,4687,4853,5692,7652,7734,8312,9034,9144,9462],[3.914021008090819,4.019381523748645,4.42484663185681,3.914021008090819,4.137164559405029,0.6792718340663283,4.137164559405029,0.691153161953081,0.691153161953081,4.607168188650764,5.117993812416755,5.117993812416755,4.019381523748645,4.830311739964974,2.920769235080536,2.7508701982851385,0.691153161953081])",1.0
F189,leg term especially course threat choice. thank leg behavior special agency personal. — shocking claims immortal jellyfish surface internet.,"(10000,[503,735,765,779,1055,1687,2066,2188,3652,4404,5850,6290,7281,7936,8070,8173,8338,9876],[0.691153161953081,4.607168188650764,3.914021008090819,4.830311739964974,4.019381523748645,4.607168188650764,2.7508701982851385,4.019381523748645,4.019381523748645,5.117993812416755,0.691153161953081,9.214336377301528,0.6871770135734415,0.691153161953081,4.607168188650764,3.8187108282864943,0.691153161953081,2.7508701982851385])",0.0
R146,system later customer fall. front receive floor economic goal. enter buy commercial deep physical ready. experts discuss ongoing developments technology breakthrough.,"(10000,[80,504,560,935,1020,1413,1762,2227,3488,3614,3978,3996,4319,4506,4617,4687,6443,7435,8649,9144,9462],[4.42484663185681,3.8187108282864943,4.270695952029551,5.117993812416755,2.661258039595451,4.270695952029551,4.270695952029551,2.7200985396183848,5.117993812416755,0.6792718340663283,5.523458920524919,4.270695952029551,3.8187108282864943,0.691153161953081,4.42484663185681,0.691153161953081,3.383392757028649,4.270695952029551,4.019381523748645,2.7508701982851385,0.691153161953081])",1.0
R022,put see describe theory record yeah lot. explain two stay visit. play include high since instead mr scene car. experts discuss ongoing developments climate change.,"(10000,[371,433,821,1468,2059,2116,2173,2647,2953,3249,3614,4347,4506,4527,4687,4728,5341,5354,5844,6287,7085,8290,8544,8871,9462],[4.830311739964974,4.42484663185681,2.849310271098391,4.42484663185681,2.6902455764687034,4.137164559405029,4.270695952029551,4.270695952029551,5.117993812416755,3.6516567436233283,0.6792718340663283,3.914021008090819,0.691153161953081,4.019381523748645,0.691153161953081,3.6516567436233283,4.607168188650764,4.270695952029551,4.42484663185681,4.137164559405029,3.8187108282864943,4.607168188650764,5.523458920524919,4.019381523748645,0.691153161953081])",1.0
F177,tell talk fish rule set. social tree huge entire they. meeting street though. measure play civil attack nice. — shocking claims aliens surface internet.,"(10000,[20,343,503,528,593,650,823,1376,1777,1850,2173,2198,3684,5693,5767,5850,5871,7281,7936,8338,8780,8824,8925,9012],[3.914021008090819,4.019381523748645,0.691153161953081,4.270695952029551,5.117993812416755,2.958509563063383,3.7316994512968646,4.019381523748645,5.117993812416755,3.8187108282864943,4.270695952029551,4.270695952029551,4.137164559405029,4.607168188650764,5.523458920524919,0.691153161953081,4.270695952029551,0.6871770135734415,0.691153161953081,0.691153161953081,5.523458920524919,4.270695952029551,4.019381523748645,5.117993812416755])",0.0
F021,everybody pull radio region fight democrat. draw possible large agreement. — shocking claims secret cure surface internet.,"(10000,[503,2526,2561,3892,5850,6100,6597,6747,7022,7281,7936,8159,8167,8338,9086,9892,9924],[0.691153161953081,4.137164559405029,4.019381523748645,2.5530444549552183,0.691153161953081,4.270695952029551,4.137164559405029,2.5530444549552183,4.830311739964974,0.6871770135734415,0.691153161953081,4.019381523748645,4.019381523748645,0.691153161953081,4.607168188650764,5.523458920524919,5.117993812416755])",0.0
R039,direction coach cost material consumer. plant page stop listen around civil. go high available film. experts discuss ongoing developments economic growth.,"(10000,[429,796,2116,2475,2827,3231,3514,3614,4464,4490,4506,4687,5094,5183,6197,6451,7244,8554,9034,9144,9462],[4.270695952029551,5.117993812416755,4.137164559405029,3.8187108282864943,3.7316994512968646,4.270695952029551,4.270695952029551,0.6792718340663283,4.607168188650764,4.270695952029551,0.691153161953081,0.691153161953081,4.607168188650764,5.117993812416755,3.914021008090819,4.137164559405029,3.4440173788450834,4.137164559405029,2.920769235080536,2.7508701982851385,0.691153161953081])",1.0
F061,player moment federal television. per black position. matter might author. — shocking claims miracle drug surface internet.,"(10000,[298,373,503,633,1256,1365,1819,1948,2402,3401,3924,5850,6604,7281,7860,7936,8338],[4.270695952029551,5.523458920524919,0.691153161953081,4.607168188650764,3.125563647726549,4.830311739964974,4.607168188650764,3.8187108282864943,4.607168188650764,4.019381523748645,3.383392757028649,0.691153161953081,4.42484663185681,0.6871770135734415,2.997730276216664,0.691153161953081,0.691153161953081])",0.0
R057,better position director interesting cell. also hand home speak. woman local trouble voice officer. experts discuss ongoing developments technology breakthrough.,"(10000,[228,1020,1339,1853,2227,2543,2909,3365,3423,3530,3614,3634,3792,4506,4563,4687,5750,6511,8549,9462],[3.8187108282864943,2.661258039595451,4.019381523748645,4.270695952029551,2.7200985396183848,3.2208738275308737,4.137164559405029,5.117993812416755,4.137164559405029,4.137164559405029,0.6792718340663283,4.137164559405029,4.270695952029551,0.691153161953081,4.019381523748645,0.691153161953081,5.523458920524919,5.117993812416755,5.117993812416755,0.691153161953081])",1.0
F154,song state people find window. including begin help. town page republican choose structure ball. — shocking claims immortal jellyfish surface internet.,"(10000,[503,619,1513,1808,2066,2827,2996,3952,4263,4616,4715,5850,5947,7281,7334,7350,7510,7936,8338,9706,9876],[0.691153161953081,4.830311739964974,3.914021008090819,4.137164559405029,2.7508701982851385,3.7316994512968646,3.3262343431887,4.830311739964974,3.6516567436233283,4.137164559405029,4.270695952029551,0.691153161953081,5.523458920524919,0.6871770135734415,4.137164559405029,4.42484663185681,4.42484663185681,0.691153161953081,0.691153161953081,4.607168188650764,2.7508701982851385])",0.0
F052,shoulder cut church rock. begin office realize enough bar left color. local run follow right learn camera. sign service information pm land paper. — shocking claims mind control surface internet.,"(10000,[228,266,503,1206,1208,1273,1513,1582,1662,1790,2252,2494,3184,3192,4748,5850,5967,6756,7026,7148,7281,7332,7936,8190,8338,8344,9296,9367,9766],[3.8187108282864943,4.019381523748645,0.691153161953081,4.270695952029551,2.661258039595451,3.3262343431887,3.914021008090819,4.270695952029551,4.270695952029551,4.607168188650764,4.830311739964974,5.523458920524919,2.920769235080536,4.137164559405029,4.019381523748645,0.691153161953081,4.270695952029551,7.637421656572989,4.019381523748645,4.137164559405029,0.6871770135734415,3.914021008090819,0.691153161953081,4.830311739964974,0.691153161953081,4.019381523748645,5.523458920524919,4.019381523748645,4.607168188650764])",0.0
F124,night police effect box still. take medical end occur control position according performance. democrat capital notice center space. — shocking claims flat earth surface internet.,"(10000,[453,503,855,1098,1208,1339,1480,1525,1596,1649,1921,2918,3876,5234,5850,6324,6541,6869,7281,7564,7922,7936,8268,8338,9676],[3.8187108282864943,0.691153161953081,4.270695952029551,3.577548771469606,2.661258039595451,4.019381523748645,4.607168188650764,4.42484663185681,5.117993812416755,5.117993812416755,4.019381523748645,3.0385522707369192,4.270695952029551,4.607168188650764,0.691153161953081,4.019381523748645,3.914021008090819,4.019381523748645,0.6871770135734415,4.830311739964974,4.607168188650764,0.691153161953081,4.019381523748645,0.691153161953081,3.0385522707369192])",0.0
R071,trip vote standard base. chair lay national check support picture. evidence allow within early idea. experts discuss ongoing developments budget report.,"(10000,[681,1375,2054,2887,2967,3614,3901,4092,4475,4506,4687,4835,4991,5432,5782,6838,7910,8217,9214,9462,9817],[4.42484663185681,5.523458920524919,4.270695952029551,5.117993812416755,4.137164559405029,0.6792718340663283,4.270695952029551,4.137164559405029,4.42484663185681,0.691153161953081,0.691153161953081,5.117993812416755,2.503034034380557,2.7508701982851385,4.270695952029551,5.523458920524919,4.270695952029551,4.42484663185681,3.7316994512968646,0.691153161953081,4.019381523748645])",1.0
R152,continue future direction record lawyer. offer deal amount security reality marriage. experts discuss ongoing developments budget report.,"(10000,[141,680,743,1344,1433,2634,2958,3614,4347,4506,4687,4991,5432,6488,7222,8554,9462],[5.117993812416755,4.019381523748645,4.270695952029551,4.830311739964974,3.914021008090819,4.137164559405029,4.270695952029551,0.6792718340663283,3.914021008090819,0.691153161953081,0.691153161953081,2.503034034380557,2.7508701982851385,3.914021008090819,4.42484663185681,4.137164559405029,0.691153161953081])",1.0
F038,grow record like arm issue price. score option organization event personal same. strong however order staff share. — shocking claims mind control surface internet.,"(10000,[26,474,503,911,1208,1226,1364,1927,2404,3032,3184,3330,3984,4347,5850,6224,6355,6616,7281,7728,7936,7939,8338,9613],[4.830311739964974,4.830311739964974,0.691153161953081,4.830311739964974,2.661258039595451,4.270695952029551,4.830311739964974,3.914021008090819,4.137164559405029,4.830311739964974,2.920769235080536,4.270695952029551,4.42484663185681,3.914021008090819,0.691153161953081,4.019381523748645,4.270695952029551,3.914021008090819,0.6871770135734415,4.137164559405029,0.691153161953081,4.607168188650764,0.691153161953081,4.607168188650764])",0.0
F101,much daughter main interview trade partner. magazine sing style evening position. — shocking claims immortal jellyfish surface internet.,"(10000,[419,503,524,1637,1819,2066,4590,5286,5850,6035,6451,7281,7623,7936,8000,8338,8413,9876],[4.42484663185681,0.691153161953081,3.4440173788450834,4.019381523748645,4.607168188650764,2.7508701982851385,4.830311739964974,3.8187108282864943,0.691153161953081,4.019381523748645,4.137164559405029,0.6871770135734415,4.270695952029551,0.691153161953081,4.270695952029551,0.691153161953081,3.4440173788450834,2.7508701982851385])",0.0
F203,social author necessary measure campaign medical. nice thing many moment difference wait expert. read others specific kitchen ground. — shocking claims celebrity scandal surface internet.,"(10000,[503,528,756,823,1510,2059,3370,3401,3486,3857,4921,5188,5477,5850,6675,6940,7281,7650,7866,7936,7979,8338,8678,9210,9350],[0.691153161953081,4.270695952029551,4.42484663185681,3.7316994512968646,5.117993812416755,2.6902455764687034,4.137164559405029,4.019381523748645,2.849310271098391,4.270695952029551,2.849310271098391,4.137164559405029,4.270695952029551,0.691153161953081,4.019381523748645,3.4440173788450834,0.6871770135734415,4.830311739964974,4.42484663185681,0.691153161953081,3.914021008090819,0.691153161953081,4.607168188650764,5.523458920524919,4.019381523748645])",0.0
F192,believe arrive benefit. stand son official. — shocking claims government cover-up surface internet.,"(10000,[209,503,533,1840,2259,5382,5850,6886,7281,7391,7936,8338,9813],[3.8187108282864943,0.691153161953081,4.019381523748645,5.117993812416755,2.8154087194227095,5.523458920524919,0.691153161953081,4.830311739964974,0.6871770135734415,4.607168188650764,0.691153161953081,0.691153161953081,2.997730276216664])",0.0
R189,join alone scene. room agency nation third check. experts discuss ongoing developments climate change.,"(10000,[494,765,821,2059,2492,3614,4014,4506,4687,8771,8952,9372,9394,9462],[4.270695952029551,3.914021008090819,2.849310271098391,2.6902455764687034,3.7316994512968646,0.6792718340663283,3.914021008090819,0.691153161953081,0.691153161953081,4.019381523748645,4.270695952029551,4.830311739964974,5.523458920524919,0.691153161953081])",1.0
R098,return section claim ball six major challenge fund. inside seven state reveal gun realize. experts discuss ongoing developments election.,"(10000,[635,1058,1507,1808,2710,3556,3614,4506,4687,5401,5935,6623,6968,7492,7850,8313,8937,9066,9462],[4.137164559405029,4.019381523748645,4.270695952029551,4.137164559405029,4.830311739964974,2.8844015909096608,0.6792718340663283,0.691153161953081,0.691153161953081,3.914021008090819,3.7316994512968646,5.117993812416755,4.137164559405029,4.137164559405029,4.019381523748645,4.270695952029551,4.137164559405029,4.137164559405029,0.691153161953081])",1.0
R149,growth product edge every heavy. thus manage nothing must beat side. realize result attention cut. experts discuss ongoing developments economic growth.,"(10000,[320,399,447,1023,1411,1582,2569,3144,3614,3921,3924,4292,4506,4687,4898,5684,7883,9034,9144,9462,9681],[4.42484663185681,4.019381523748645,4.42484663185681,4.019381523748645,5.117993812416755,4.270695952029551,3.577548771469606,4.270695952029551,0.6792718340663283,4.019381523748645,3.383392757028649,4.270695952029551,0.691153161953081,0.691153161953081,5.117993812416755,4.137164559405029,4.607168188650764,2.920769235080536,2.7508701982851385,0.691153161953081,4.019381523748645])",1.0
R046,short score year often section similar. region tax score government candidate side. experts discuss ongoing developments education.,"(10000,[7,1262,1776,1927,2259,3614,3924,4358,4506,4687,5047,6587,6968,8159,8899,9462],[4.137164559405029,4.137164559405029,4.137164559405029,7.828042016181638,2.8154087194227095,0.6792718340663283,3.383392757028649,4.137164559405029,0.691153161953081,0.691153161953081,2.6902455764687034,3.914021008090819,4.137164559405029,4.019381523748645,3.8187108282864943,0.691153161953081])",1.0
F055,professor certainly write measure particularly better everybody. without recognize executive tree data. popular value since us tend writer. — shocking claims hoax surface internet.,"(10000,[503,528,673,1810,2543,2806,4043,4377,5445,5850,5871,6148,6287,6443,6660,6873,7281,7403,7857,7936,8171,8338,9966],[0.691153161953081,4.270695952029551,4.270695952029551,4.137164559405029,6.441747655061747,5.523458920524919,3.8187108282864943,2.60568818844064,4.270695952029551,0.691153161953081,4.270695952029551,4.42484663185681,4.137164559405029,3.383392757028649,4.830311739964974,5.117993812416755,0.6871770135734415,3.8187108282864943,5.117993812416755,0.691153161953081,4.42484663185681,0.691153161953081,4.830311739964974])",0.0
F159,allow indicate everything position. — shocking claims flat earth surface internet.,"(10000,[503,1819,2918,4835,5850,6485,7281,7936,8338,9156,9676],[0.691153161953081,4.607168188650764,3.0385522707369192,5.117993812416755,0.691153161953081,4.607168188650764,0.6871770135734415,0.691153161953081,0.691153161953081,3.7316994512968646,3.0385522707369192])",0.0
F083,customer late first event physical. business help thing. spend yet democrat control world beyond. — shocking claims secret cure surface internet.,"(10000,[142,353,503,1116,1208,1413,2735,3079,3892,4037,5234,5374,5850,6403,6747,7281,7728,7936,8338,9347,9360],[4.830311739964974,3.914021008090819,0.691153161953081,4.270695952029551,2.661258039595451,4.270695952029551,5.523458920524919,3.914021008090819,2.5530444549552183,4.607168188650764,4.607168188650764,4.270695952029551,0.691153161953081,4.137164559405029,2.5530444549552183,0.6871770135734415,4.137164559405029,0.691153161953081,0.691153161953081,4.607168188650764,3.7316994512968646])",0.0
R109,state amount quickly expert field. reveal keep. experts discuss ongoing developments education.,"(10000,[914,1507,1808,3132,3391,3614,4506,4687,5047,7222,9462,9767],[4.270695952029551,4.270695952029551,4.137164559405029,5.117993812416755,4.830311739964974,0.6792718340663283,0.691153161953081,0.691153161953081,2.6902455764687034,4.42484663185681,0.691153161953081,4.830311739964974])",1.0
R102,weight worker political instead. certain production forward reach condition cause. stage page early pick professional hand lawyer. experts discuss ongoing developments climate change.,"(10000,[30,141,821,1955,2059,2155,2676,2827,3423,3614,3935,4092,4506,4687,5328,7070,7372,8004,8353,8386,8411,9288,9462],[4.137164559405029,5.117993812416755,2.849310271098391,5.523458920524919,2.6902455764687034,4.019381523748645,4.137164559405029,3.7316994512968646,4.137164559405029,0.6792718340663283,3.6516567436233283,4.137164559405029,0.691153161953081,0.691153161953081,3.4440173788450834,5.117993812416755,4.830311739964974,4.137164559405029,4.42484663185681,4.607168188650764,3.577548771469606,4.607168188650764,0.691153161953081])",1.0
R060,stay method describe buy strategy. might reality tell cover. leader weight several toward. experts discuss ongoing developments election.,"(10000,[80,433,680,1526,1850,3556,3614,3924,4506,4531,4687,6015,7085,7516,8004,8867,9227,9462],[4.42484663185681,4.42484663185681,4.019381523748645,4.270695952029551,3.8187108282864943,2.8844015909096608,0.6792718340663283,3.383392757028649,0.691153161953081,4.830311739964974,0.691153161953081,4.607168188650764,3.8187108282864943,5.523458920524919,4.137164559405029,4.830311739964974,4.830311739964974,0.691153161953081])",1.0
F085,language girl region science. research evening clearly network teacher tell. natural wrong phone else. — shocking claims secret cure surface internet.,"(10000,[503,1029,1626,1716,3334,3892,4988,5286,5850,6512,6747,7281,7936,8159,8238,8338,8708,9083,9152,9432,9757],[0.691153161953081,3.914021008090819,4.137164559405029,4.270695952029551,4.607168188650764,2.5530444549552183,4.270695952029551,3.8187108282864943,0.691153161953081,3.6516567436233283,2.5530444549552183,0.6871770135734415,0.691153161953081,4.019381523748645,4.270695952029551,0.691153161953081,4.137164559405029,4.607168188650764,4.019381523748645,4.137164559405029,5.523458920524919])",0.0
F188,school evidence suffer place manage. many six front natural coach child. school finally employee federal walk. — shocking claims hoax surface internet.,"(10000,[503,504,633,1655,1817,2054,2483,2679,3514,4377,4988,5188,5401,5850,6135,6390,6548,7281,7936,8338,8423],[0.691153161953081,3.8187108282864943,4.607168188650764,5.117993812416755,4.607168188650764,4.270695952029551,5.523458920524919,8.03876304749729,4.270695952029551,2.60568818844064,4.270695952029551,4.137164559405029,3.914021008090819,0.691153161953081,3.7316994512968646,4.019381523748645,4.137164559405029,0.6871770135734415,0.691153161953081,0.691153161953081,4.830311739964974])",0.0
F131,consider right short tax writer. challenge also fill determine. police people treat often letter door. — shocking claims hoax surface internet.,"(10000,[7,312,503,564,1262,1790,3792,3876,4263,4377,5850,5935,6587,6609,7281,7857,7936,8338,8512,8750,9727],[4.137164559405029,4.019381523748645,0.691153161953081,3.914021008090819,4.137164559405029,4.607168188650764,4.270695952029551,4.270695952029551,3.6516567436233283,2.60568818844064,0.691153161953081,3.7316994512968646,3.914021008090819,5.523458920524919,0.6871770135734415,5.117993812416755,0.691153161953081,0.691153161953081,5.117993812416755,4.270695952029551,4.137164559405029])",0.0
R202,claim new social likely. approach foot event. phone table standard. experts discuss ongoing developments public health.,"(10000,[585,823,1112,1626,1770,3095,3614,3931,4506,4687,5279,6219,7890,8113,8937,9462],[3.5085558999826545,3.7316994512968646,4.830311739964974,4.137164559405029,3.125563647726549,4.137164559405029,0.6792718340663283,3.8187108282864943,0.691153161953081,0.691153161953081,5.117993812416755,3.0385522707369192,4.42484663185681,5.117993812416755,4.137164559405029,0.691153161953081])",1.0
F111,type hour soldier look hope ago service. toward computer quite commercial. — shocking claims celebrity scandal surface internet.,"(10000,[503,527,1896,3194,3486,3526,4141,4221,4613,4921,5850,6000,6056,7281,7936,8151,8338,9939],[0.691153161953081,4.42484663185681,3.914021008090819,4.607168188650764,2.849310271098391,4.270695952029551,4.270695952029551,5.117993812416755,4.607168188650764,2.849310271098391,0.691153161953081,3.914021008090819,4.019381523748645,0.6871770135734415,0.691153161953081,4.137164559405029,0.691153161953081,4.830311739964974])",0.0
R151,product road control teacher feeling. particularly sea public. experts discuss ongoing developments policy.,"(10000,[447,1208,3614,4506,4687,5643,5725,6443,6944,8366,8708,9462,9617],[4.42484663185681,2.661258039595451,0.6792718340663283,0.691153161953081,0.691153161953081,4.830311739964974,4.019381523748645,3.383392757028649,2.8154087194227095,5.117993812416755,4.137164559405029,0.691153161953081,4.270695952029551])",1.0
F058,simply either skill student mean tree. still administration life. base free central blue right. — shocking claims government cover-up surface internet.,"(10000,[503,909,1073,1642,2259,2660,3536,3712,5185,5535,5768,5850,7281,7936,8173,8338,8928,9126,9357,9813,9968],[0.691153161953081,4.607168188650764,4.42484663185681,4.137164559405029,2.8154087194227095,5.117993812416755,4.270695952029551,4.137164559405029,4.137164559405029,5.117993812416755,4.137164559405029,0.691153161953081,0.6871770135734415,0.691153161953081,3.8187108282864943,0.691153161953081,3.914021008090819,3.914021008090819,4.830311739964974,2.997730276216664,4.607168188650764])",0.0
R164,find watch technology. open poor collection. experts discuss ongoing developments education.,"(10000,[2708,3614,3652,4506,4687,5047,5783,7510,8103,8893,9462],[3.6516567436233283,0.6792718340663283,4.019381523748645,0.691153161953081,0.691153161953081,2.6902455764687034,4.270695952029551,4.42484663185681,4.42484663185681,3.914021008090819,0.691153161953081])",1.0
F242,require bit occur shake care. explain tough low little term. beyond political tonight second. — shocking claims celebrity scandal surface internet.,"(10000,[190,503,1590,1921,1989,2180,3389,3486,3935,4921,5341,5390,5447,5850,6533,7281,7936,8338,8411,8449,8900],[4.830311739964974,0.691153161953081,3.5085558999826545,4.019381523748645,4.42484663185681,4.019381523748645,4.607168188650764,2.849310271098391,3.6516567436233283,2.849310271098391,4.607168188650764,5.117993812416755,3.2208738275308737,0.691153161953081,4.607168188650764,0.6871770135734415,0.691153161953081,0.691153161953081,3.577548771469606,4.607168188650764,4.270695952029551])",0.0
F064,wife discussion fact capital. summer trial. citizen wrong example. — shocking claims mind control surface internet.,"(10000,[8,101,503,1208,1834,3021,3032,3184,5315,5850,6512,7215,7281,7936,8338,9481],[4.270695952029551,5.117993812416755,0.691153161953081,2.661258039595451,5.523458920524919,4.270695952029551,4.830311739964974,2.920769235080536,4.137164559405029,0.691153161953081,3.6516567436233283,4.137164559405029,0.6871770135734415,0.691153161953081,0.691153161953081,4.830311739964974])",0.0
R228,street population whether garden true. truth prepare something put seven. cell mother play manager particular any. experts discuss ongoing developments education.,"(10000,[354,1652,2069,2173,2286,3210,3406,3614,3684,4506,4687,5047,5493,5547,5936,8871,8945,8984,9258,9462,9826],[4.137164559405029,3.8187108282864943,4.137164559405029,4.270695952029551,4.42484663185681,4.019381523748645,4.270695952029551,0.6792718340663283,4.137164559405029,0.691153161953081,0.691153161953081,2.6902455764687034,4.830311739964974,4.830311739964974,4.270695952029551,4.019381523748645,5.523458920524919,4.137164559405029,4.607168188650764,0.691153161953081,4.42484663185681])",1.0
R210,happy religious everything course. message act executive. experts discuss ongoing developments economic growth.,"(10000,[751,2715,3614,4293,4499,4506,4687,5347,6928,9034,9144,9156,9462],[4.830311739964974,4.270695952029551,0.6792718340663283,4.137164559405029,5.117993812416755,0.691153161953081,0.691153161953081,3.914021008090819,4.137164559405029,2.920769235080536,2.7508701982851385,3.7316994512968646,0.691153161953081])",1.0
R156,specific fight challenge happen in. goal ok move child course. experts discuss ongoing developments policy.,"(10000,[1936,2059,2526,2645,3614,4499,4506,4687,4704,5089,5935,6282,6944,7244,9462],[4.830311739964974,2.6902455764687034,4.137164559405029,4.137164559405029,0.6792718340663283,5.117993812416755,0.691153161953081,0.691153161953081,4.42484663185681,4.42484663185681,3.7316994512968646,4.270695952029551,2.8154087194227095,3.4440173788450834,0.691153161953081])",1.0
R192,partner case act buy add appear. ready fact night professor traditional perform. experts discuss ongoing developments climate change.,"(10000,[80,116,821,1952,2059,2543,3614,4486,4506,4687,6342,6557,6869,6928,7215,9462,9513,9887],[4.42484663185681,3.577548771469606,2.849310271098391,4.830311739964974,2.6902455764687034,3.2208738275308737,0.6792718340663283,4.607168188650764,0.691153161953081,0.691153161953081,4.137164559405029,3.7316994512968646,4.019381523748645,4.137164559405029,4.137164559405029,0.691153161953081,3.914021008090819,3.914021008090819])",1.0
F102,receive create late ability stock feel animal. answer song everything baby. might four body night. — shocking claims government cover-up surface internet.,"(10000,[503,793,841,1243,1404,2259,3079,3115,3222,3619,3681,3924,4617,5850,7281,7350,7721,7936,8338,9156,9367,9813],[0.691153161953081,4.137164559405029,3.8187108282864943,3.6516567436233283,4.830311739964974,2.8154087194227095,3.914021008090819,4.137164559405029,5.117993812416755,4.42484663185681,3.914021008090819,3.383392757028649,4.42484663185681,0.691153161953081,0.6871770135734415,4.42484663185681,4.607168188650764,0.691153161953081,0.691153161953081,3.7316994512968646,4.019381523748645,2.997730276216664])",0.0
R237,adult billion foreign. range four hear artist campaign offer. rock hit address data always since. president raise add. experts discuss ongoing developments election.,"(10000,[72,165,258,574,1243,1306,1695,3331,3527,3556,3614,3822,4454,4506,4687,4842,6675,7699,8252,8344,8931,9011,9462],[3.8187108282864943,4.137164559405029,4.42484663185681,4.019381523748645,3.6516567436233283,4.42484663185681,4.42484663185681,4.830311739964974,4.42484663185681,2.8844015909096608,0.6792718340663283,4.830311739964974,4.42484663185681,0.691153161953081,0.691153161953081,4.42484663185681,4.019381523748645,5.117993812416755,4.270695952029551,4.019381523748645,4.42484663185681,4.019381523748645,0.691153161953081])",1.0
F015,accept cause catch material detail show art. relationship cell site according. cover ever little. — shocking claims immortal jellyfish surface internet.,"(10000,[316,503,1143,2066,2657,3210,3231,4019,4043,4260,5594,5850,5891,6104,7281,7709,7936,7949,8338,9876,9907],[4.019381523748645,0.691153161953081,4.607168188650764,2.7508701982851385,3.577548771469606,4.019381523748645,4.270695952029551,4.270695952029551,3.8187108282864943,4.270695952029551,4.270695952029551,0.691153161953081,4.830311739964974,4.270695952029551,0.6871770135734415,5.117993812416755,0.691153161953081,4.270695952029551,0.691153161953081,2.7508701982851385,5.117993812416755])",0.0
F020,week strong nearly career others congress. authority beat per sense economy. often recent create. — shocking claims celebrity scandal surface internet.,"(10000,[7,298,503,1176,2513,2569,2866,3486,4683,4921,4930,5122,5447,5591,5850,6355,6808,6940,7281,7936,8338],[4.137164559405029,4.270695952029551,0.691153161953081,4.270695952029551,5.117993812416755,3.577548771469606,4.42484663185681,2.849310271098391,5.117993812416755,2.849310271098391,4.137164559405029,4.137164559405029,3.2208738275308737,3.8187108282864943,0.691153161953081,4.270695952029551,4.42484663185681,3.4440173788450834,0.6871770135734415,0.691153161953081,0.691153161953081])",0.0
R083,relate letter fill yard program level. experts discuss ongoing developments election.,"(10000,[424,564,573,988,3556,3614,4506,4687,9121,9462,9727],[3.8187108282864943,3.914021008090819,4.137164559405029,4.607168188650764,2.8844015909096608,0.6792718340663283,0.691153161953081,0.691153161953081,5.523458920524919,0.691153161953081,4.137164559405029])",1.0
F035,pass trip actually. either time mother two animal minute local grow. — shocking claims hoax surface internet.,"(10000,[228,354,503,3357,3888,4377,4728,5782,5850,7281,7360,7936,8094,8157,8338,8392,9126],[3.8187108282864943,4.137164559405029,0.691153161953081,4.42484663185681,4.830311739964974,2.60568818844064,3.6516567436233283,4.270695952029551,0.691153161953081,0.6871770135734415,4.42484663185681,0.691153161953081,4.270695952029551,4.137164559405029,0.691153161953081,4.42484663185681,3.914021008090819])",0.0
R082,need physical first daughter quickly. throughout deep main security. building town employee page really. experts discuss ongoing developments budget report.,"(10000,[1637,1762,2827,3614,3818,4506,4687,4715,4991,5432,5852,5948,6403,6537,6548,6959,7623,8423,8649,9462],[4.019381523748645,4.270695952029551,3.7316994512968646,0.6792718340663283,4.830311739964974,0.691153161953081,0.691153161953081,4.270695952029551,2.503034034380557,2.7508701982851385,4.270695952029551,4.607168188650764,4.137164559405029,4.607168188650764,4.137164559405029,5.117993812416755,4.270695952029551,4.830311739964974,4.019381523748645,0.691153161953081])",1.0
F114,maintain television live college into. knowledge bill maybe call. — shocking claims mind control surface internet.,"(10000,[442,493,503,1208,3184,3244,4818,5247,5850,7281,7864,7936,8057,8135,8338,8713],[5.523458920524919,4.42484663185681,0.691153161953081,2.661258039595451,2.920769235080536,5.523458920524919,4.42484663185681,4.42484663185681,0.691153161953081,0.6871770135734415,4.137164559405029,0.691153161953081,4.137164559405029,4.137164559405029,0.691153161953081,4.137164559405029])",0.0
F179,cause serious professor edge add police. position performance society easy one. high almost. — shocking claims secret cure surface internet.,"(10000,[316,327,503,760,1117,1140,1339,2116,2466,2543,3892,3921,4391,5850,6747,7281,7936,8338,9351,9887],[4.019381523748645,5.117993812416755,0.691153161953081,4.019381523748645,4.019381523748645,4.830311739964974,4.019381523748645,4.137164559405029,5.117993812416755,3.2208738275308737,2.5530444549552183,4.019381523748645,4.42484663185681,0.691153161953081,2.5530444549552183,0.6871770135734415,0.691153161953081,0.691153161953081,4.607168188650764,3.914021008090819])",0.0
F026,full edge believe thought. positive kid yard try keep general. western professor professor stand. cost friend either let week receive. — shocking claims celebrity scandal surface internet.,"(10000,[1,424,488,503,524,533,2543,2687,3486,3723,3921,4461,4490,4693,4921,5122,5850,6090,7281,7936,8267,8338,8897,9126,9543,9594],[4.270695952029551,3.8187108282864943,4.270695952029551,0.691153161953081,3.4440173788450834,4.019381523748645,6.441747655061747,4.830311739964974,2.849310271098391,3.914021008090819,4.019381523748645,5.523458920524919,4.270695952029551,4.607168188650764,2.849310271098391,4.137164559405029,0.691153161953081,5.117993812416755,0.6871770135734415,0.691153161953081,4.270695952029551,0.691153161953081,3.8187108282864943,3.914021008090819,5.523458920524919,4.607168188650764])",0.0
R217,perhaps catch produce. yard father plant arm heavy continue. along benefit set painting. experts discuss ongoing developments election.,"(10000,[424,1259,1800,2840,3556,3614,3984,4506,4687,5342,5653,6221,7138,7244,7949,8949,9462,9927],[3.8187108282864943,3.8187108282864943,4.830311739964974,3.6516567436233283,2.8844015909096608,0.6792718340663283,4.42484663185681,0.691153161953081,0.691153161953081,4.42484663185681,4.270695952029551,5.523458920524919,5.117993812416755,3.4440173788450834,4.270695952029551,4.42484663185681,0.691153161953081,5.523458920524919])",1.0
F009,enough guess adult. style national rock little maybe. value particularly message while. — shocking claims celebrity scandal surface internet.,"(10000,[503,574,1590,2715,2875,3486,4748,4921,5850,6443,7281,7403,7904,7910,7936,8000,8338,8391,8660],[0.691153161953081,4.019381523748645,3.5085558999826545,4.270695952029551,4.830311739964974,2.849310271098391,4.019381523748645,2.849310271098391,0.691153161953081,3.383392757028649,0.6871770135734415,3.8187108282864943,5.117993812416755,4.270695952029551,0.691153161953081,4.270695952029551,0.691153161953081,5.523458920524919,4.607168188650764])",0.0
F240,drive production drive. last decide exactly onto school employee. — shocking claims aliens surface internet.,"(10000,[503,650,2096,2679,3989,4319,5850,6325,7281,7936,8293,8338,8353,8408,9391],[0.691153161953081,2.958509563063383,4.830311739964974,4.019381523748645,4.830311739964974,3.8187108282864943,0.691153161953081,4.607168188650764,0.6871770135734415,0.691153161953081,4.607168188650764,0.691153161953081,4.42484663185681,4.137164559405029,4.019381523748645])",0.0
R216,still budget meeting almost. fish although value five two condition. somebody ok specific. experts discuss ongoing developments research.,"(10000,[20,264,1140,1376,2645,3089,3614,3712,4506,4687,4728,4991,5974,7066,7403,7723,7779,9462],[3.914021008090819,5.523458920524919,4.830311739964974,4.019381523748645,4.137164559405029,4.270695952029551,0.6792718340663283,4.137164559405029,0.691153161953081,0.691153161953081,3.6516567436233283,2.503034034380557,3.8187108282864943,2.8844015909096608,3.8187108282864943,5.117993812416755,3.8187108282864943,0.691153161953081])",1.0
F129,name training bar own. race road east create. — shocking claims flat earth surface internet.,"(10000,[15,454,503,2918,5725,5850,6576,6808,7281,7332,7538,7813,7936,8338,9676],[4.270695952029551,3.172083663361442,0.691153161953081,3.0385522707369192,4.019381523748645,0.691153161953081,4.42484663185681,4.42484663185681,0.6871770135734415,3.914021008090819,4.137164559405029,5.523458920524919,0.691153161953081,0.691153161953081,3.0385522707369192])",0.0
R197,tax image prove sell side pass dinner. notice value bag reveal others much there. movement business card news bill. experts discuss ongoing developments education.,"(10000,[415,524,1507,1525,2144,2433,3204,3214,3614,4485,4506,4687,5047,5214,5294,5303,5374,5804,6587,6940,7403,8392,9462,9781],[4.830311739964974,3.4440173788450834,4.270695952029551,4.42484663185681,4.019381523748645,4.137164559405029,5.117993812416755,5.523458920524919,0.6792718340663283,4.270695952029551,0.691153161953081,0.691153161953081,2.6902455764687034,4.830311739964974,4.270695952029551,3.8187108282864943,4.270695952029551,5.117993812416755,3.914021008090819,3.4440173788450834,3.8187108282864943,4.42484663185681,0.691153161953081,4.607168188650764])",1.0
F142,congress respond choice improve. share easy half sea. listen pull brother say power provide movie. — shocking claims government cover-up surface internet.,"(10000,[291,429,503,760,1780,2259,2500,3056,3947,4715,5268,5564,5850,5862,5946,6053,6597,7281,7936,8338,8728,9813],[4.607168188650764,4.270695952029551,0.691153161953081,4.019381523748645,4.137164559405029,2.8154087194227095,4.137164559405029,4.607168188650764,4.019381523748645,4.270695952029551,5.523458920524919,4.830311739964974,0.691153161953081,3.577548771469606,4.42484663185681,3.577548771469606,4.137164559405029,0.6871770135734415,0.691153161953081,0.691153161953081,4.019381523748645,2.997730276216664])",0.0
R140,rule experience dog pretty strong source six. others operation hot way morning. experts discuss ongoing developments climate change.,"(10000,[343,821,2059,3004,3614,3635,3919,4115,4506,4687,5922,6355,6940,7721,9391,9462,9564,9693],[4.019381523748645,2.849310271098391,2.6902455764687034,5.117993812416755,0.6792718340663283,4.270695952029551,4.019381523748645,4.830311739964974,0.691153161953081,0.691153161953081,4.137164559405029,4.270695952029551,3.4440173788450834,4.607168188650764,4.019381523748645,0.691153161953081,4.830311739964974,4.137164559405029])",1.0
R165,field oil miss quite wait. share meeting fire western point. address position prevent. whose soldier system adult impact commercial. experts discuss ongoing developments budget report.,"(10000,[20,72,454,524,1071,1339,1972,2338,3614,3947,3996,4141,4454,4506,4613,4687,4991,5191,5432,6035,6056,6063,7074,9462,9539],[3.914021008090819,3.8187108282864943,3.172083663361442,3.4440173788450834,4.607168188650764,4.019381523748645,4.42484663185681,5.117993812416755,0.6792718340663283,4.019381523748645,4.270695952029551,4.270695952029551,4.42484663185681,0.691153161953081,4.607168188650764,0.691153161953081,2.503034034380557,3.8187108282864943,2.7508701982851385,4.019381523748645,4.019381523748645,4.607168188650764,3.4440173788450834,0.691153161953081,4.019381523748645])",1.0
R139,east need republican share feeling. small doctor food close. worker enough care door cover couple. experts discuss ongoing developments education.,"(10000,[222,708,777,2676,3614,3947,4506,4616,4687,4748,4847,5047,5310,5643,6104,6537,6576,7937,8653,9462],[4.607168188650764,4.830311739964974,4.607168188650764,4.137164559405029,0.6792718340663283,4.019381523748645,0.691153161953081,4.137164559405029,0.691153161953081,4.019381523748645,4.270695952029551,2.6902455764687034,4.137164559405029,4.830311739964974,4.270695952029551,4.607168188650764,4.42484663185681,5.523458920524919,4.270695952029551,0.691153161953081])",1.0
F232,image capital brother fight film hand. trouble huge result sister lose enter available. — shocking claims hoax surface internet.,"(10000,[291,399,503,2198,2481,2526,2909,3521,4377,4422,5003,5303,5850,6541,7281,7435,7936,8338,9878],[4.607168188650764,4.019381523748645,0.691153161953081,4.270695952029551,4.019381523748645,4.137164559405029,4.137164559405029,4.019381523748645,2.60568818844064,4.019381523748645,3.914021008090819,3.8187108282864943,0.691153161953081,3.914021008090819,0.6871770135734415,4.270695952029551,0.691153161953081,0.691153161953081,4.137164559405029])",0.0
F108,woman hour air place record. understand decide. seem fill section let. — shocking claims celebrity scandal surface internet.,"(10000,[88,503,527,924,2588,3486,3564,4310,4563,4921,5850,6390,6487,6968,7281,7936,8338,9727],[4.019381523748645,0.691153161953081,4.42484663185681,5.523458920524919,4.607168188650764,2.849310271098391,4.830311739964974,5.523458920524919,4.019381523748645,2.849310271098391,0.691153161953081,4.019381523748645,3.914021008090819,4.137164559405029,0.6871770135734415,0.691153161953081,0.691153161953081,4.137164559405029])",0.0
F167,follow person direction single environment. entire federal project green win writer pull. letter woman able president century these. — shocking claims celebrity scandal surface internet.,"(10000,[503,551,564,633,1306,1612,2230,2398,3249,3486,3496,4563,4921,5089,5678,5850,6906,7281,7841,7889,7936,8338,8554,8824,9367],[0.691153161953081,4.607168188650764,3.914021008090819,4.607168188650764,4.42484663185681,5.117993812416755,3.914021008090819,3.914021008090819,3.6516567436233283,2.849310271098391,4.42484663185681,4.019381523748645,2.849310271098391,4.42484663185681,5.117993812416755,0.691153161953081,4.270695952029551,0.6871770135734415,3.8187108282864943,5.117993812416755,0.691153161953081,0.691153161953081,4.137164559405029,4.270695952029551,4.019381523748645])",0.0
R242,suffer practice blood anyone. seek business politics high. experts discuss ongoing developments research.,"(10000,[171,2359,3614,4280,4506,4687,5374,5887,5931,6135,7066,8094,9462],[3.914021008090819,4.42484663185681,0.6792718340663283,3.6516567436233283,0.691153161953081,0.691153161953081,4.270695952029551,3.6516567436233283,5.523458920524919,3.7316994512968646,2.8844015909096608,4.270695952029551,0.691153161953081])",1.0
F133,southern rate entire little particularly position share. recently born trouble develop. — shocking claims immortal jellyfish surface internet.,"(10000,[253,503,1339,1590,2034,2066,2909,3032,3743,5063,5850,6443,7281,7936,8338,8824,9545,9876],[4.607168188650764,0.691153161953081,4.019381523748645,3.5085558999826545,4.019381523748645,2.7508701982851385,4.137164559405029,4.830311739964974,4.270695952029551,5.117993812416755,0.691153161953081,3.383392757028649,0.6871770135734415,0.691153161953081,0.691153161953081,4.270695952029551,5.117993812416755,2.7508701982851385])",0.0
F025,radio picture though couple site cell possible. — shocking claims flat earth surface internet.,"(10000,[503,2272,2481,2918,3210,3385,5850,5891,7281,7702,7936,8338,9086,9676],[0.691153161953081,4.830311739964974,4.019381523748645,3.0385522707369192,4.019381523748645,4.607168188650764,0.691153161953081,4.830311739964974,0.6871770135734415,4.137164559405029,0.691153161953081,0.691153161953081,4.607168188650764,3.0385522707369192])",0.0
F093,indeed black little. professor stand onto nation sound argue. owner little suggest care whether. — shocking claims immortal jellyfish surface internet.,"(10000,[503,1590,1948,2066,2543,4014,4319,4934,5310,5850,6053,6166,6547,6886,7281,7509,7709,7816,7936,8338,9876],[0.691153161953081,3.5085558999826545,3.8187108282864943,2.7508701982851385,3.2208738275308737,3.914021008090819,3.8187108282864943,4.830311739964974,4.137164559405029,0.691153161953081,3.577548771469606,4.270695952029551,5.117993812416755,4.830311739964974,0.6871770135734415,5.523458920524919,5.117993812416755,4.607168188650764,0.691153161953081,0.691153161953081,2.7508701982851385])",0.0
F236,road everything open news type. throughout season husband. color card talk computer might. — shocking claims government cover-up surface internet.,"(10000,[503,2144,2259,2358,2433,5725,5783,5850,5948,6729,7281,7936,8151,8338,8925,9142,9156,9700,9813,9832],[0.691153161953081,4.019381523748645,2.8154087194227095,4.270695952029551,4.137164559405029,4.019381523748645,4.270695952029551,0.691153161953081,4.607168188650764,5.523458920524919,0.6871770135734415,0.691153161953081,4.137164559405029,0.691153161953081,4.019381523748645,5.117993812416755,3.7316994512968646,5.117993812416755,2.997730276216664,4.137164559405029])",0.0
F069,happy ability foreign door occur everyone. cultural sport race store. card night drug good single evidence. — shocking claims flat earth surface internet.,"(10000,[454,503,1921,2144,2918,3681,4847,5347,5563,5850,6168,6206,6869,7281,7443,7860,7889,7936,8278,8338,9233,9588,9676],[3.172083663361442,0.691153161953081,4.019381523748645,4.019381523748645,3.0385522707369192,3.914021008090819,4.270695952029551,3.914021008090819,5.117993812416755,0.691153161953081,4.607168188650764,3.7316994512968646,4.019381523748645,0.6871770135734415,5.117993812416755,2.997730276216664,5.117993812416755,0.691153161953081,4.019381523748645,0.691153161953081,4.137164559405029,5.523458920524919,3.0385522707369192])",0.0
F219,add standard ready involve energy. weight young face president. religious person entire glass speech challenge. effect case direction bag capital. — shocking claims flat earth surface internet.,"(10000,[101,415,502,503,2918,2967,3249,4034,4293,5374,5779,5850,6271,6324,6342,6557,6932,7281,7809,7936,8004,8172,8338,8554,8824,9676,9887],[5.117993812416755,4.830311739964974,4.270695952029551,0.691153161953081,3.0385522707369192,4.137164559405029,3.6516567436233283,3.914021008090819,4.137164559405029,4.270695952029551,4.830311739964974,0.691153161953081,4.270695952029551,4.019381523748645,4.137164559405029,3.7316994512968646,4.270695952029551,0.6871770135734415,4.607168188650764,0.691153161953081,4.137164559405029,5.523458920524919,0.691153161953081,4.137164559405029,4.270695952029551,3.0385522707369192,3.914021008090819])",0.0
R079,professor save subject. idea tell agreement century never arrive. others whether catch carry. experts discuss ongoing developments election.,"(10000,[281,1850,2543,3406,3556,3614,3881,4506,4520,4687,5842,5958,6940,7841,7949,8413,9189,9462],[4.830311739964974,3.8187108282864943,3.2208738275308737,4.270695952029551,2.8844015909096608,0.6792718340663283,5.117993812416755,0.691153161953081,4.019381523748645,0.691153161953081,4.830311739964974,3.914021008090819,3.4440173788450834,3.8187108282864943,4.270695952029551,3.4440173788450834,4.137164559405029,0.691153161953081])",1.0
F042,return behind time time line. else person ok popular beyond whose gas. — shocking claims hoax surface internet.,"(10000,[503,635,2115,2645,3249,4346,4377,5034,5850,6148,7281,7936,8157,8338,8900,9539,9544],[0.691153161953081,4.137164559405029,4.830311739964974,4.137164559405029,3.6516567436233283,3.914021008090819,2.60568818844064,4.830311739964974,0.691153161953081,4.42484663185681,0.6871770135734415,0.691153161953081,8.274329118810059,0.691153161953081,4.270695952029551,4.019381523748645,5.117993812416755])",0.0
R154,full far. century sense nor. experts discuss ongoing developments budget report.,"(10000,[2571,3614,4506,4687,4991,5432,5447,7841,8439,8897,9462],[5.523458920524919,0.6792718340663283,0.691153161953081,0.691153161953081,2.503034034380557,2.7508701982851385,3.2208738275308737,3.8187108282864943,4.830311739964974,3.8187108282864943,0.691153161953081])",1.0
R089,perform present half important church tell. whose hope military tree level number. around international plan already. community even body long quickly. experts discuss ongoing developments public health.,"(10000,[188,841,1098,1273,1499,1770,1780,1967,3614,3818,4506,4687,4702,5871,5877,6000,6123,6197,6219,6406,8130,8174,8904,9083,9181,9462,9539],[4.270695952029551,3.8187108282864943,3.577548771469606,3.3262343431887,4.607168188650764,3.125563647726549,4.137164559405029,4.607168188650764,0.6792718340663283,4.830311739964974,0.691153161953081,0.691153161953081,5.523458920524919,4.270695952029551,4.42484663185681,3.914021008090819,4.42484663185681,3.914021008090819,3.0385522707369192,4.137164559405029,4.270695952029551,4.42484663185681,4.137164559405029,4.607168188650764,4.607168188650764,0.691153161953081,4.019381523748645])",1.0
R038,even think whatever reach trouble draw. term bit modern various energy culture card. experts discuss ongoing developments public health.,"(10000,[1770,1989,2092,2188,2335,2336,2909,3614,3759,4506,4687,6219,6406,6647,7695,8307,8386,8645,9462],[3.125563647726549,4.42484663185681,5.523458920524919,4.019381523748645,4.137164559405029,4.137164559405029,4.137164559405029,0.6792718340663283,4.830311739964974,0.691153161953081,0.691153161953081,3.0385522707369192,4.137164559405029,4.270695952029551,4.830311739964974,4.019381523748645,4.607168188650764,3.914021008090819,0.691153161953081])",1.0
R053,woman dark seven dream place. speech power visit establish another dog. wide garden shoulder improve whole. experts discuss ongoing developments economic growth.,"(10000,[502,697,698,1122,2366,2408,2836,2923,3056,3073,3614,4131,4506,4563,4687,5936,6756,7850,8166,9034,9144,9462],[4.270695952029551,4.607168188650764,4.607168188650764,4.607168188650764,3.914021008090819,4.137164559405029,3.7316994512968646,4.830311739964974,4.607168188650764,4.830311739964974,0.6792718340663283,4.607168188650764,0.691153161953081,4.019381523748645,0.691153161953081,4.270695952029551,3.8187108282864943,4.019381523748645,4.019381523748645,2.920769235080536,2.7508701982851385,0.691153161953081])",1.0
F201,feel hard feeling. seek shake have. — shocking claims hoax surface internet.,"(10000,[171,503,2180,3115,4377,4882,5125,5643,5850,7281,7936,8338],[3.914021008090819,0.691153161953081,4.019381523748645,4.137164559405029,2.60568818844064,5.117993812416755,4.137164559405029,4.830311739964974,0.691153161953081,0.6871770135734415,0.691153161953081,0.691153161953081])",0.0
F013,something mission others see responsibility herself. sister quite ready natural seven author property. child difficult hospital executive. — shocking claims secret cure surface internet.,"(10000,[503,751,1712,2238,3502,3521,3892,4930,4988,5354,5850,6056,6069,6557,6747,6940,7244,7281,7850,7936,8208,8338,9350,9826],[0.691153161953081,4.830311739964974,4.137164559405029,5.117993812416755,4.607168188650764,4.019381523748645,2.5530444549552183,4.137164559405029,4.270695952029551,4.270695952029551,0.691153161953081,4.019381523748645,4.270695952029551,3.7316994512968646,2.5530444549552183,3.4440173788450834,3.4440173788450834,0.6871770135734415,4.019381523748645,0.691153161953081,5.117993812416755,0.691153161953081,4.019381523748645,4.42484663185681])",0.0
R023,sound begin new outside bed. around start child line draw subject. experts discuss ongoing developments policy.,"(10000,[585,1182,1513,2996,3614,4506,4687,6166,6197,6944,7244,8167,8568,9166,9189,9462],[3.5085558999826545,4.830311739964974,3.914021008090819,3.3262343431887,0.6792718340663283,0.691153161953081,0.691153161953081,4.270695952029551,3.914021008090819,2.8154087194227095,3.4440173788450834,4.019381523748645,4.607168188650764,5.117993812416755,4.137164559405029,0.691153161953081])",1.0
R068,long around mission consumer improve stage. end character actually total camera sometimes decade. seek total full since respond half military five. experts discuss ongoing developments technology breakthrough.,"(10000,[171,453,997,1020,1650,1776,1780,2227,2408,2500,3614,4506,4687,4867,5869,5877,6069,6197,6279,6287,6447,6643,8897,8904,9462,9475],[3.914021008090819,3.8187108282864943,4.830311739964974,2.661258039595451,4.607168188650764,4.137164559405029,4.137164559405029,2.7200985396183848,4.137164559405029,4.137164559405029,0.6792718340663283,0.691153161953081,0.691153161953081,3.914021008090819,4.270695952029551,4.42484663185681,4.270695952029551,3.914021008090819,9.660623479929948,4.137164559405029,4.607168188650764,4.830311739964974,3.8187108282864943,4.137164559405029,0.691153161953081,4.270695952029551])",1.0
F065,nothing program another. — shocking claims hoax surface internet.,"(10000,[503,573,4292,4377,5850,7281,7936,7963,8338],[0.691153161953081,4.137164559405029,4.270695952029551,2.60568818844064,0.691153161953081,0.6871770135734415,0.691153161953081,4.019381523748645,0.691153161953081])",0.0
F239,type near forward network sure by. result college camera offer stage interesting. — shocking claims celebrity scandal surface internet.,"(10000,[30,109,399,503,1650,1804,1821,2958,3486,3526,4921,5850,5974,7281,7936,8057,8338,8411,9152],[4.137164559405029,5.117993812416755,4.019381523748645,0.691153161953081,4.607168188650764,4.830311739964974,4.270695952029551,4.270695952029551,2.849310271098391,4.270695952029551,2.849310271098391,0.691153161953081,3.8187108282864943,0.6871770135734415,0.691153161953081,4.137164559405029,0.691153161953081,3.577548771469606,4.019381523748645])",0.0
F084,perhaps hundred find anything manager community talk suddenly. opportunity often place care reason skill. environmental win air production. — shocking claims miracle drug surface internet.,"(10000,[7,88,503,1256,1259,1640,1652,2041,2114,2398,2944,5175,5310,5850,6027,6241,6390,6976,7281,7510,7860,7936,8174,8338,8925],[4.137164559405029,4.019381523748645,0.691153161953081,3.125563647726549,3.8187108282864943,4.607168188650764,3.8187108282864943,5.117993812416755,4.607168188650764,3.914021008090819,4.830311739964974,3.914021008090819,4.137164559405029,0.691153161953081,4.42484663185681,5.523458920524919,4.019381523748645,5.117993812416755,0.6871770135734415,4.42484663185681,2.997730276216664,0.691153161953081,4.42484663185681,0.691153161953081,4.019381523748645])",0.0
R120,team million ability dream production. yard lose act indicate owner. ten expert easy step each. experts discuss ongoing developments election.,"(10000,[424,468,760,914,1558,1640,2366,2634,3556,3614,3681,4422,4506,4687,5085,6021,6485,6928,8651,9462],[3.8187108282864943,4.137164559405029,4.019381523748645,4.270695952029551,4.607168188650764,4.607168188650764,3.914021008090819,4.137164559405029,2.8844015909096608,0.6792718340663283,3.914021008090819,4.019381523748645,0.691153161953081,0.691153161953081,4.019381523748645,4.137164559405029,4.607168188650764,4.137164559405029,4.42484663185681,0.691153161953081])",1.0
F207,culture edge amount firm marriage. fight nearly trouble challenge real build world. space whose two practice stuff. — shocking claims government cover-up surface internet.,"(10000,[503,1344,2259,2526,2825,2866,2909,3014,3921,4280,4728,5850,5935,6287,7222,7281,7936,8338,8645,8894,9188,9539,9691,9813],[0.691153161953081,4.830311739964974,2.8154087194227095,4.137164559405029,4.830311739964974,4.42484663185681,4.137164559405029,4.270695952029551,4.019381523748645,3.6516567436233283,3.6516567436233283,0.691153161953081,3.7316994512968646,4.137164559405029,4.42484663185681,0.6871770135734415,0.691153161953081,0.691153161953081,3.914021008090819,4.137164559405029,4.607168188650764,4.019381523748645,4.830311739964974,2.997730276216664])",0.0
R158,across staff technology. education couple voice three. majority rock east figure despite resource. experts discuss ongoing developments economic growth.,"(10000,[574,1301,3530,3614,4110,4506,4687,5530,6224,6484,6576,6710,7074,7702,8893,9034,9144,9244,9462],[4.019381523748645,4.137164559405029,4.137164559405029,0.6792718340663283,4.830311739964974,0.691153161953081,0.691153161953081,4.019381523748645,4.019381523748645,5.117993812416755,4.42484663185681,5.523458920524919,3.4440173788450834,4.137164559405029,3.914021008090819,2.920769235080536,2.7508701982851385,4.42484663185681,0.691153161953081])",1.0
R097,available player particularly machine. risk community alone receive. door treat feeling high. experts discuss ongoing developments technology breakthrough.,"(10000,[613,1020,1902,2227,2475,2492,2687,3614,4506,4687,4847,6443,6604,8094,8174,8750,8794,9462],[4.019381523748645,2.661258039595451,4.830311739964974,2.7200985396183848,3.8187108282864943,3.7316994512968646,4.830311739964974,0.6792718340663283,0.691153161953081,0.691153161953081,4.270695952029551,3.383392757028649,4.42484663185681,4.270695952029551,4.42484663185681,4.270695952029551,4.019381523748645,0.691153161953081])",1.0
R092,hear note east much sit politics focus. long fast. bed ability save. experts discuss ongoing developments technology breakthrough.,"(10000,[524,980,1020,2227,3614,3681,4506,4687,4831,4842,5887,6576,6946,8016,8904,9462,9497,9909],[3.4440173788450834,5.523458920524919,2.661258039595451,2.7200985396183848,0.6792718340663283,3.914021008090819,0.691153161953081,0.691153161953081,4.830311739964974,4.42484663185681,3.6516567436233283,4.42484663185681,3.7316994512968646,5.117993812416755,4.137164559405029,0.691153161953081,4.137164559405029,4.607168188650764])",1.0
F172,side effect morning number agent season ten. lawyer analysis care magazine ago believe information. learn social sign unit. — shocking claims hoax surface internet.,"(10000,[503,533,823,1296,1896,2358,2471,3160,4377,5016,5310,5850,5955,5967,6324,6756,7281,7936,8338,8413,8519,9021,9415,9781],[0.691153161953081,4.019381523748645,3.7316994512968646,4.42484663185681,3.914021008090819,4.270695952029551,5.117993812416755,4.42484663185681,2.60568818844064,3.8187108282864943,4.137164559405029,0.691153161953081,4.830311739964974,4.270695952029551,4.019381523748645,3.8187108282864943,0.6871770135734415,0.691153161953081,0.691153161953081,3.4440173788450834,4.42484663185681,4.270695952029551,4.830311739964974,4.607168188650764])",0.0
R182,bed conference development physical. story wear note base more. tell tax send want. system even poor land. experts discuss ongoing developments economic growth.,"(10000,[416,1116,1850,2871,3614,3996,4506,4687,5523,5657,6406,6581,6587,6855,8103,8173,9034,9123,9144,9462,9497,9637,9909],[4.830311739964974,4.270695952029551,3.8187108282864943,4.830311739964974,0.6792718340663283,4.270695952029551,0.691153161953081,0.691153161953081,4.42484663185681,4.607168188650764,4.137164559405029,4.137164559405029,3.914021008090819,4.830311739964974,4.42484663185681,3.8187108282864943,2.920769235080536,5.117993812416755,2.7508701982851385,0.691153161953081,4.137164559405029,5.117993812416755,4.607168188650764])",1.0
F014,tell necessary present. — shocking claims secret cure surface internet.,"(10000,[503,1850,3816,3892,5850,6747,7281,7936,7979,8338],[0.691153161953081,3.8187108282864943,5.523458920524919,2.5530444549552183,0.691153161953081,2.5530444549552183,0.6871770135734415,0.691153161953081,3.914021008090819,0.691153161953081])",0.0
R230,spend place south customer. city page strong. establish economic production. experts discuss ongoing developments election.,"(10000,[278,353,1640,2827,2923,3556,3614,4506,4687,4816,5495,6390,6714,9144,9462],[4.42484663185681,3.914021008090819,4.607168188650764,3.7316994512968646,4.830311739964974,2.8844015909096608,0.6792718340663283,0.691153161953081,0.691153161953081,3.7316994512968646,4.830311739964974,4.019381523748645,4.830311739964974,2.7508701982851385,0.691153161953081])",1.0
F223,enough structure heavy tell mr. across magazine national. — shocking claims government cover-up surface internet.,"(10000,[503,1850,2259,2996,4748,5471,5850,7074,7281,7682,7936,8338,8413,8949,9813],[0.691153161953081,3.8187108282864943,2.8154087194227095,3.3262343431887,4.019381523748645,5.523458920524919,0.691153161953081,3.4440173788450834,0.6871770135734415,5.523458920524919,0.691153161953081,0.691153161953081,3.4440173788450834,4.42484663185681,2.997730276216664])",0.0
R221,sound take score finally. authority adult fly loss cover behavior. idea defense. sound though send possible see tree range land. experts discuss ongoing developments policy.,"(10000,[72,165,176,855,1176,1619,1927,3385,3614,4506,4687,5329,5354,5523,5871,5944,5958,6100,6104,6166,6944,6988,9123,9462],[3.8187108282864943,4.137164559405029,4.607168188650764,4.270695952029551,4.270695952029551,4.830311739964974,3.914021008090819,4.607168188650764,0.6792718340663283,0.691153161953081,0.691153161953081,4.137164559405029,4.270695952029551,4.42484663185681,4.270695952029551,4.42484663185681,3.914021008090819,4.270695952029551,4.270695952029551,8.541391904059102,2.8154087194227095,4.607168188650764,5.117993812416755,0.691153161953081])",1.0
R173,despite senior loss star. political return pretty mission per inside top. ago start technology energy. experts discuss ongoing developments climate change.,"(10000,[298,635,821,1020,1301,1896,2059,2996,3614,3919,3935,4144,4506,4687,5329,5779,6069,6083,6097,9066,9462],[4.270695952029551,4.137164559405029,2.849310271098391,2.661258039595451,4.137164559405029,3.914021008090819,2.6902455764687034,3.3262343431887,0.6792718340663283,4.019381523748645,3.6516567436233283,4.137164559405029,0.691153161953081,0.691153161953081,4.137164559405029,4.830311739964974,4.270695952029551,5.117993812416755,5.523458920524919,4.137164559405029,0.691153161953081])",1.0
F249,form physical food administration. crime official within east. issue five skill people. — shocking claims immortal jellyfish surface internet.,"(10000,[503,731,1167,2066,3166,3684,5621,5850,5974,6616,7281,7936,8338,8485,8649,8653,9817,9876,9968],[0.691153161953081,4.42484663185681,4.830311739964974,2.7508701982851385,5.523458920524919,4.137164559405029,4.607168188650764,0.691153161953081,3.8187108282864943,3.914021008090819,0.6871770135734415,0.691153161953081,0.691153161953081,4.270695952029551,4.019381523748645,4.270695952029551,4.019381523748645,2.7508701982851385,4.607168188650764])",0.0
F112,understand positive size second capital cover. sure food. — shocking claims government cover-up surface internet.,"(10000,[1,503,1821,2259,3192,4085,5850,6487,6541,7281,7936,8338,8867,9256,9813],[4.270695952029551,0.691153161953081,4.270695952029551,2.8154087194227095,4.137164559405029,5.523458920524919,0.691153161953081,3.914021008090819,3.914021008090819,0.6871770135734415,0.691153161953081,0.691153161953081,4.830311739964974,4.137164559405029,2.997730276216664])",0.0
R058,identify bring happen. suddenly my. interesting customer support place. experts discuss ongoing developments budget report.,"(10000,[1413,3057,3614,3634,3967,4131,4506,4596,4687,4991,5432,6235,8217,8581,9462],[4.270695952029551,3.6516567436233283,0.6792718340663283,4.137164559405029,4.137164559405029,4.607168188650764,0.691153161953081,5.523458920524919,0.691153161953081,2.503034034380557,2.7508701982851385,5.523458920524919,4.42484663185681,4.830311739964974,0.691153161953081])",1.0
R159,order lot cause gas over. customer practice model. deal air later knowledge sometimes. experts discuss ongoing developments economic growth.,"(10000,[88,316,560,1144,1226,1413,1433,3614,4202,4280,4506,4687,4943,5607,7864,9034,9144,9156,9462],[4.019381523748645,4.019381523748645,4.270695952029551,5.117993812416755,4.270695952029551,4.270695952029551,3.914021008090819,0.6792718340663283,4.830311739964974,3.6516567436233283,0.691153161953081,0.691153161953081,3.914021008090819,4.607168188650764,4.137164559405029,2.920769235080536,2.7508701982851385,3.7316994512968646,0.691153161953081])",1.0
R029,machine probably remain. enter fast inside purpose almost little by. agent tax paper rich oil. experts discuss ongoing developments economic growth.,"(10000,[1590,1804,1990,2297,2604,3614,4506,4687,5016,6212,6587,7435,8040,8089,8566,8690,9034,9066,9144,9263,9462],[3.5085558999826545,4.830311739964974,5.117993812416755,4.607168188650764,5.117993812416755,0.6792718340663283,0.691153161953081,0.691153161953081,3.8187108282864943,4.830311739964974,3.914021008090819,4.270695952029551,3.914021008090819,4.42484663185681,4.270695952029551,4.270695952029551,2.920769235080536,4.137164559405029,2.7508701982851385,4.270695952029551,0.691153161953081])",1.0
R126,federal close arrive. yet here. experts discuss ongoing developments research.,"(10000,[633,3497,3614,4037,4506,4687,5842,7008,7066,9462],[4.607168188650764,3.7316994512968646,0.6792718340663283,4.607168188650764,0.691153161953081,0.691153161953081,4.830311739964974,4.830311739964974,2.8844015909096608,0.691153161953081])",1.0
R132,sense knowledge recently. experts discuss ongoing developments education.,"(10000,[1031,3614,4506,4687,5047,5447,7864,9462],[5.117993812416755,0.6792718340663283,0.691153161953081,0.691153161953081,2.6902455764687034,3.2208738275308737,4.137164559405029,0.691153161953081])",1.0
R025,machine world anything mother environmental like. raise team night time son nice themselves. tonight must particular. experts discuss ongoing developments election.,"(10000,[209,354,468,1023,2114,3370,3389,3527,3556,3614,4506,4687,5853,6027,6869,8040,8157,8633,9190,9360,9462],[3.8187108282864943,4.137164559405029,4.137164559405029,4.019381523748645,4.607168188650764,4.137164559405029,4.607168188650764,4.42484663185681,2.8844015909096608,0.6792718340663283,0.691153161953081,0.691153161953081,5.117993812416755,4.42484663185681,4.019381523748645,3.914021008090819,4.137164559405029,5.117993812416755,5.117993812416755,3.7316994512968646,0.691153161953081])",1.0
F214,show identify partner wide. west happy democrat maintain building. — shocking claims secret cure surface internet.,"(10000,[116,503,2278,3892,3967,4019,4321,5085,5234,5247,5347,5850,6747,7281,7936,8338],[3.577548771469606,0.691153161953081,5.117993812416755,2.5530444549552183,4.137164559405029,4.270695952029551,5.117993812416755,4.019381523748645,4.607168188650764,4.42484663185681,3.914021008090819,0.691153161953081,2.5530444549552183,0.6871770135734415,0.691153161953081,0.691153161953081])",0.0
R177,term owner nature everything available. focus talk wide tend strategy simple. wall ten let. experts discuss ongoing developments policy.,"(10000,[1810,2188,2291,2481,2836,3564,3611,3614,3931,4506,4687,4805,5085,6053,6404,6944,8925,9156,9462],[4.137164559405029,4.019381523748645,4.607168188650764,4.019381523748645,3.7316994512968646,4.830311739964974,4.42484663185681,0.6792718340663283,3.8187108282864943,0.691153161953081,0.691153161953081,5.117993812416755,4.019381523748645,3.577548771469606,4.019381523748645,2.8154087194227095,4.019381523748645,3.7316994512968646,0.691153161953081])",1.0
R196,recent give hotel increase behavior. middle minute take rate moment foreign. experts discuss ongoing developments budget report.,"(10000,[253,855,2663,3357,3401,3614,3783,3822,4506,4687,4991,5432,5591,6988,7963,9462,9878],[4.607168188650764,4.270695952029551,3.914021008090819,4.42484663185681,4.019381523748645,0.6792718340663283,4.270695952029551,4.830311739964974,0.691153161953081,0.691153161953081,2.503034034380557,2.7508701982851385,3.8187108282864943,4.607168188650764,4.019381523748645,0.691153161953081,4.137164559405029])",1.0
R135,member present popular friend. smile tough likely usually administration hope organization. experts discuss ongoing developments budget report.,"(10000,[309,2713,2990,3228,3614,4506,4687,4991,5185,5432,5447,6000,6148,6790,8130,8270,9462],[3.6516567436233283,4.137164559405029,3.914021008090819,5.117993812416755,0.6792718340663283,0.691153161953081,0.691153161953081,2.503034034380557,4.137164559405029,2.7508701982851385,3.2208738275308737,3.914021008090819,4.42484663185681,4.137164559405029,4.270695952029551,5.117993812416755,0.691153161953081])",1.0
F152,recognize mention art artist build. full sense imagine maintain. — shocking claims government cover-up surface internet.,"(10000,[503,2259,2907,5301,5447,5598,5850,6475,7281,7854,7936,8171,8338,8897,8931,9813],[0.691153161953081,2.8154087194227095,4.42484663185681,4.830311739964974,3.2208738275308737,5.523458920524919,0.691153161953081,5.523458920524919,0.6871770135734415,4.42484663185681,0.691153161953081,4.42484663185681,0.691153161953081,3.8187108282864943,4.42484663185681,2.997730276216664])",0.0
F180,ball later appear quite democratic. — shocking claims secret cure surface internet.,"(10000,[503,560,3892,4214,5850,6056,6747,7281,7492,7936,8182,8338],[0.691153161953081,4.270695952029551,2.5530444549552183,5.523458920524919,0.691153161953081,4.019381523748645,2.5530444549552183,0.6871770135734415,4.137164559405029,0.691153161953081,4.019381523748645,0.691153161953081])",0.0
F003,reduce listen relate church identify draw. — shocking claims secret cure surface internet.,"(10000,[429,503,988,1273,3759,3892,3967,5850,6747,7281,7936,8159,8338],[4.270695952029551,0.691153161953081,4.607168188650764,3.3262343431887,4.830311739964974,2.5530444549552183,4.137164559405029,0.691153161953081,2.5530444549552183,0.6871770135734415,0.691153161953081,4.019381523748645,0.691153161953081])",0.0
F244,property detail million car. brother maintain fill culture clear carry game yet. — shocking claims celebrity scandal surface internet.,"(10000,[291,454,503,1143,1611,2733,3486,3882,4921,5247,5850,7281,7936,8290,8338,8645,8651,8975,9727],[4.607168188650764,3.172083663361442,0.691153161953081,4.607168188650764,4.42484663185681,4.019381523748645,2.849310271098391,4.607168188650764,2.849310271098391,4.42484663185681,0.691153161953081,0.6871770135734415,0.691153161953081,4.607168188650764,0.691153161953081,3.914021008090819,4.42484663185681,4.607168188650764,4.137164559405029])",0.0
F194,likely discuss bank edge fine accept. protect alone memory land she. hair significant without wrong data. — shocking claims immortal jellyfish surface internet.,"(10000,[309,503,1352,1733,2066,2492,3614,3921,4043,5850,6431,6512,6873,6941,7148,7235,7281,7664,7936,8338,8552,8982,9876],[3.6516567436233283,0.691153161953081,5.117993812416755,5.117993812416755,2.7508701982851385,3.7316994512968646,0.6792718340663283,4.019381523748645,3.8187108282864943,0.691153161953081,4.42484663185681,3.6516567436233283,5.117993812416755,4.270695952029551,4.137164559405029,4.607168188650764,0.6871770135734415,5.117993812416755,0.691153161953081,0.691153161953081,4.137164559405029,4.830311739964974,2.7508701982851385])",0.0
R044,factor color different gun. someone add walk professor huge. experts discuss ongoing developments policy.,"(10000,[2543,3614,3671,4506,4687,5321,6142,6683,6944,7586,9462,9561,9832,9887],[3.2208738275308737,0.6792718340663283,4.137164559405029,0.691153161953081,0.691153161953081,4.137164559405029,4.830311739964974,5.117993812416755,2.8154087194227095,5.523458920524919,0.691153161953081,4.270695952029551,4.137164559405029,3.914021008090819])",1.0
R141,store agree talk maybe south painting never. happy image environment wear bit. experts discuss ongoing developments economic growth.,"(10000,[1034,1595,2407,3614,4506,4687,4816,4818,5303,5347,6581,6925,7040,7184,8925,9034,9144,9462],[4.42484663185681,5.523458920524919,4.830311739964974,0.6792718340663283,0.691153161953081,0.691153161953081,3.7316994512968646,4.42484663185681,3.8187108282864943,3.914021008090819,4.137164559405029,4.607168188650764,5.117993812416755,4.42484663185681,4.019381523748645,2.920769235080536,2.7508701982851385,0.691153161953081])",1.0
R188,alone police baby stay fund fund test. behind message challenge evidence pressure. treatment project character share character show. experts discuss ongoing developments climate change.,"(10000,[433,740,821,1348,2054,2059,2230,2492,2715,3205,3614,3876,3947,4346,4506,4638,4687,4867,5935,8015,8960,9462],[4.42484663185681,5.117993812416755,2.849310271098391,4.019381523748645,4.270695952029551,2.6902455764687034,3.914021008090819,3.7316994512968646,4.270695952029551,5.117993812416755,0.6792718340663283,4.270695952029551,4.019381523748645,3.914021008090819,0.691153161953081,7.637421656572989,0.691153161953081,7.828042016181638,3.7316994512968646,4.137164559405029,5.523458920524919,0.691153161953081])",1.0
F010,individual painting listen program movie. model great crime score memory social probably. — shocking claims aliens surface internet.,"(10000,[429,503,573,650,731,750,823,1034,1927,4715,5415,5850,6941,7102,7281,7936,8338,8614],[4.270695952029551,0.691153161953081,4.137164559405029,2.958509563063383,4.42484663185681,4.137164559405029,3.7316994512968646,4.42484663185681,3.914021008090819,4.270695952029551,4.830311739964974,0.691153161953081,4.270695952029551,4.42484663185681,0.6871770135734415,0.691153161953081,0.691153161953081,4.42484663185681])",0.0
R106,radio senior husband learn north. interview adult action only. close someone soldier tv crime. experts discuss ongoing developments economic growth.,"(10000,[72,278,1243,2802,3497,3614,3671,4141,4144,4506,4547,4687,5967,6035,6633,7208,9034,9086,9144,9462],[3.8187108282864943,4.42484663185681,3.6516567436233283,5.117993812416755,3.7316994512968646,0.6792718340663283,4.137164559405029,4.270695952029551,4.137164559405029,0.691153161953081,4.019381523748645,0.691153161953081,4.270695952029551,4.019381523748645,4.270695952029551,4.42484663185681,2.920769235080536,4.607168188650764,2.7508701982851385,0.691153161953081])",1.0
R049,prove control probably win recent win red politics. believe contain late off. character happy must town. whether garden suffer state perform various population. experts discuss ongoing developments research.,"(10000,[52,211,533,1023,1098,1208,1808,2297,2398,3079,3406,3614,4506,4687,4867,5214,5347,5591,5936,6135,6278,6599,6647,7066,7493,9078,9462],[4.830311739964974,5.117993812416755,4.019381523748645,4.019381523748645,3.577548771469606,2.661258039595451,4.137164559405029,4.607168188650764,7.828042016181638,3.914021008090819,4.270695952029551,0.6792718340663283,0.691153161953081,0.691153161953081,3.914021008090819,4.830311739964974,3.914021008090819,3.8187108282864943,4.270695952029551,3.7316994512968646,5.523458920524919,5.523458920524919,4.270695952029551,2.8844015909096608,4.137164559405029,4.830311739964974,0.691153161953081])",1.0
R144,air yet eye. study argue quality. enjoy city reflect south. experts discuss ongoing developments budget report.,"(10000,[88,1805,2589,2600,3614,3730,4037,4224,4506,4640,4687,4991,5321,5432,5495,9462],[4.019381523748645,3.8187108282864943,4.270695952029551,5.523458920524919,0.6792718340663283,4.607168188650764,4.607168188650764,4.42484663185681,0.691153161953081,5.523458920524919,0.691153161953081,2.503034034380557,4.137164559405029,2.7508701982851385,4.830311739964974,0.691153161953081])",1.0
F199,fire national threat others base here. defense true realize. agency mouth across plant. — shocking claims celebrity scandal surface internet.,"(10000,[503,765,2710,3486,3543,4921,5191,5850,6940,7008,7074,7178,7188,7281,7497,7910,7936,8070,8173,8338],[0.691153161953081,3.914021008090819,4.830311739964974,2.849310271098391,4.270695952029551,2.849310271098391,3.8187108282864943,0.691153161953081,3.4440173788450834,4.830311739964974,3.4440173788450834,4.830311739964974,4.830311739964974,0.6871770135734415,3.914021008090819,4.270695952029551,0.691153161953081,4.607168188650764,3.8187108282864943,0.691153161953081])",0.0
F215,style seven fact nothing. term option respond including. — shocking claims secret cure surface internet.,"(10000,[503,2188,2500,3892,5850,6747,7215,7281,7850,7936,8000,8338,8661,8888,9613],[0.691153161953081,4.019381523748645,4.137164559405029,2.5530444549552183,0.691153161953081,2.5530444549552183,4.137164559405029,0.6871770135734415,4.019381523748645,0.691153161953081,4.270695952029551,0.691153161953081,5.523458920524919,5.117993812416755,4.607168188650764])",0.0
R176,property continue old material. increase ready game. investment let say put employee expect option war. deep mouth necessary tree traditional shake. experts discuss ongoing developments economic growth.,"(10000,[743,1562,1762,2733,3614,3691,4486,4506,4687,5498,5616,5862,5871,6176,6548,6557,6749,7083,7497,7963,7979,8267,8871,9034,9144,9462,9613],[4.270695952029551,4.607168188650764,4.270695952029551,4.019381523748645,0.6792718340663283,4.42484663185681,4.607168188650764,0.691153161953081,0.691153161953081,5.523458920524919,4.830311739964974,3.577548771469606,4.270695952029551,5.523458920524919,4.137164559405029,3.7316994512968646,5.523458920524919,4.270695952029551,3.914021008090819,4.019381523748645,3.914021008090819,4.270695952029551,4.019381523748645,2.920769235080536,2.7508701982851385,0.691153161953081,4.607168188650764])",1.0
F105,none card the. local alone spend. — shocking claims hoax surface internet.,"(10000,[228,503,2144,2260,2492,4377,4516,5850,7281,7936,8338,9831],[3.8187108282864943,0.691153161953081,4.019381523748645,5.117993812416755,3.7316994512968646,2.60568818844064,5.523458920524919,0.691153161953081,0.6871770135734415,0.691153161953081,0.691153161953081,4.42484663185681])",0.0
F031,close watch sort. sport establish human fly million expert board our. — shocking claims miracle drug surface internet.,"(10000,[503,914,1256,2708,2923,3497,5850,5944,7281,7454,7860,7936,8278,8303,8338,8651,9311,9621],[0.691153161953081,4.270695952029551,3.125563647726549,3.6516567436233283,4.830311739964974,3.7316994512968646,0.691153161953081,4.42484663185681,0.6871770135734415,4.607168188650764,2.997730276216664,0.691153161953081,4.019381523748645,4.830311739964974,0.691153161953081,4.42484663185681,5.523458920524919,5.117993812416755])",0.0
R206,mouth middle prevent agreement piece. including television keep degree. media less bring place act. experts discuss ongoing developments research.,"(10000,[1195,1209,2141,3057,3252,3614,4506,4687,4928,6390,7066,7334,7497,8413,8713,9462,9594,9784,9878],[4.019381523748645,4.270695952029551,5.523458920524919,3.6516567436233283,4.137164559405029,0.6792718340663283,0.691153161953081,0.691153161953081,4.830311739964974,4.019381523748645,2.8844015909096608,4.137164559405029,3.914021008090819,3.4440173788450834,4.137164559405029,0.691153161953081,4.607168188650764,4.270695952029551,4.137164559405029])",1.0
F238,company energy mention. room wish natural thank. — shocking claims secret cure surface internet.,"(10000,[494,495,503,798,942,1073,3892,4988,5850,6747,7281,7936,8307,8338],[4.270695952029551,4.019381523748645,0.691153161953081,5.523458920524919,4.270695952029551,4.42484663185681,2.5530444549552183,4.270695952029551,0.691153161953081,2.5530444549552183,0.6871770135734415,0.691153161953081,4.019381523748645,0.691153161953081])",0.0
R027,research west control wind keep. especially company new hair. spend score along create. experts discuss ongoing developments climate change.,"(10000,[353,585,821,942,1208,1927,2059,2558,2840,3614,4506,4687,5085,5212,6808,8173,9432,9462,9767],[3.914021008090819,3.5085558999826545,2.849310271098391,4.270695952029551,2.661258039595451,3.914021008090819,2.6902455764687034,4.270695952029551,3.6516567436233283,0.6792718340663283,0.691153161953081,0.691153161953081,4.019381523748645,5.117993812416755,4.42484663185681,3.8187108282864943,4.137164559405029,0.691153161953081,4.830311739964974])",1.0
F169,laugh street accept another peace window save training. class knowledge name great least. color like arm. — shocking claims government cover-up surface internet.,"(10000,[15,503,750,2259,2403,2657,2764,3163,3330,3684,4007,4520,5850,6697,7098,7281,7864,7936,8166,8338,8497,9813,9832],[4.270695952029551,0.691153161953081,4.137164559405029,2.8154087194227095,4.607168188650764,3.577548771469606,5.523458920524919,4.830311739964974,4.270695952029551,4.137164559405029,3.914021008090819,4.019381523748645,0.691153161953081,4.607168188650764,4.42484663185681,0.6871770135734415,4.137164559405029,0.691153161953081,4.019381523748645,0.691153161953081,5.117993812416755,2.997730276216664,4.137164559405029])",0.0
F208,degree kid walk. evening place front true. consumer blood future start how. — shocking claims aliens surface internet.,"(10000,[503,504,650,2359,2996,3723,5286,5493,5850,6021,6390,6488,7281,7936,8338,8423,9475,9943],[0.691153161953081,3.8187108282864943,2.958509563063383,4.42484663185681,3.3262343431887,3.914021008090819,3.8187108282864943,4.830311739964974,0.691153161953081,4.137164559405029,4.019381523748645,3.914021008090819,0.6871770135734415,0.691153161953081,0.691153161953081,4.830311739964974,4.270695952029551,5.117993812416755])",0.0
F212,little idea walk message. tv analysis skin edge develop alone. hot brother. — shocking claims miracle drug surface internet.,"(10000,[503,1241,1256,1296,1590,3921,4547,5098,5833,5850,5958,6142,7055,7281,7860,7936,8338,9693,9925],[0.691153161953081,3.914021008090819,3.125563647726549,4.42484663185681,3.5085558999826545,4.019381523748645,4.019381523748645,5.523458920524919,4.42484663185681,0.691153161953081,3.914021008090819,4.830311739964974,5.523458920524919,0.6871770135734415,2.997730276216664,0.691153161953081,0.691153161953081,4.137164559405029,5.523458920524919])",0.0
F032,item result seek. glass former trial nation follow case tv. eight inside always movement with. — shocking claims hoax surface internet.,"(10000,[399,503,1916,2922,3410,4014,4160,4377,5294,5850,6342,6932,7281,7640,7936,8338,8356,8482,9011,9066,9367],[4.019381523748645,0.691153161953081,4.607168188650764,5.117993812416755,3.914021008090819,3.914021008090819,4.42484663185681,2.60568818844064,4.270695952029551,0.691153161953081,4.137164559405029,4.270695952029551,0.6871770135734415,5.523458920524919,0.691153161953081,0.691153161953081,5.523458920524919,4.270695952029551,4.019381523748645,4.137164559405029,4.019381523748645])",0.0
F109,record beautiful effort court weight sit military may. professional chance heart more. — shocking claims hoax surface internet.,"(10000,[346,416,503,1273,2155,4347,4377,4568,5726,5850,5877,6572,6946,7281,7936,8004,8338,9808],[4.270695952029551,4.830311739964974,0.691153161953081,3.3262343431887,4.019381523748645,3.914021008090819,2.60568818844064,4.830311739964974,4.42484663185681,0.691153161953081,4.42484663185681,5.523458920524919,3.7316994512968646,0.6871770135734415,0.691153161953081,4.137164559405029,0.691153161953081,4.137164559405029])",0.0
R111,ok call sport behavior tend simply style. someone situation add tough. sometimes green admit write good institution actually player. picture join police despite system research. experts discuss ongoing developments policy.,"(10000,[551,735,1301,1642,1810,2263,2481,2645,3136,3243,3500,3614,3671,3876,3996,4506,4687,5146,5445,5869,6168,6447,6944,7036,7066,8278,8714,8952,9462,9887],[4.607168188650764,4.607168188650764,4.137164559405029,4.137164559405029,4.137164559405029,5.117993812416755,4.019381523748645,4.137164559405029,4.270695952029551,4.42484663185681,5.117993812416755,0.6792718340663283,4.137164559405029,4.270695952029551,4.270695952029551,0.691153161953081,0.691153161953081,3.8187108282864943,4.270695952029551,4.270695952029551,4.607168188650764,4.607168188650764,2.8154087194227095,5.117993812416755,2.8844015909096608,4.019381523748645,4.42484663185681,4.270695952029551,0.691153161953081,3.914021008090819])",1.0
F078,around probably interesting indeed. — shocking claims aliens surface internet.,"(10000,[503,650,1996,2297,3634,5850,6197,7281,7936,8338],[0.691153161953081,2.958509563063383,5.117993812416755,4.607168188650764,4.137164559405029,0.691153161953081,3.914021008090819,0.6871770135734415,0.691153161953081,0.691153161953081])",0.0
R105,water participant seek similar. security ability smile fund. experts discuss ongoing developments budget report.,"(10000,[171,1776,2589,2634,2713,3614,3681,4506,4687,4991,5396,5432,6623,9462],[3.914021008090819,4.137164559405029,4.270695952029551,4.137164559405029,4.137164559405029,0.6792718340663283,3.914021008090819,0.691153161953081,0.691153161953081,2.503034034380557,5.523458920524919,2.7508701982851385,5.117993812416755,0.691153161953081])",1.0
F196,born list foreign technology rather. mention owner throughout mention international kitchen. stage far sign husband reality say brother learn. — shocking claims government cover-up surface internet.,"(10000,[30,188,291,503,680,1020,1035,1661,1951,2259,2907,4158,5850,5862,5948,6053,6206,6756,7208,7281,7936,8338,8728,9545,9813],[4.137164559405029,4.270695952029551,4.607168188650764,0.691153161953081,4.019381523748645,2.661258039595451,5.117993812416755,5.523458920524919,5.523458920524919,2.8154087194227095,8.84969326371362,4.270695952029551,0.691153161953081,3.577548771469606,4.607168188650764,3.577548771469606,3.7316994512968646,3.8187108282864943,4.42484663185681,0.6871770135734415,0.691153161953081,0.691153161953081,4.019381523748645,5.117993812416755,2.997730276216664])",0.0
F118,world idea scene yes too. big lead us service gas kid yeah. word realize adult role decade visit. news science popular professor smile. — shocking claims immortal jellyfish surface internet.,"(10000,[72,371,503,1582,2066,2252,2433,2543,3048,3350,3363,3519,3723,4827,5044,5356,5607,5844,5850,5958,6030,6148,6660,7281,7936,8134,8338,9360,9873,9876],[3.8187108282864943,4.830311739964974,0.691153161953081,4.270695952029551,2.7508701982851385,4.830311739964974,4.137164559405029,3.2208738275308737,4.137164559405029,4.137164559405029,4.42484663185681,4.607168188650764,3.914021008090819,5.117993812416755,5.117993812416755,4.42484663185681,4.607168188650764,4.42484663185681,0.691153161953081,3.914021008090819,4.270695952029551,4.42484663185681,4.830311739964974,0.6871770135734415,0.691153161953081,5.117993812416755,0.691153161953081,3.7316994512968646,5.117993812416755,2.7508701982851385])",0.0
F077,international clear time less board. instead word discover yet. pressure ahead tough reality difficult admit. — shocking claims secret cure surface internet.,"(10000,[188,503,680,1195,1611,1712,3519,3761,3882,3892,4170,4527,5305,5447,5661,5850,6747,7281,7936,8157,8268,8338],[4.270695952029551,0.691153161953081,4.019381523748645,4.019381523748645,4.42484663185681,4.137164559405029,4.607168188650764,5.117993812416755,4.607168188650764,2.5530444549552183,4.830311739964974,4.019381523748645,5.523458920524919,3.2208738275308737,4.830311739964974,0.691153161953081,2.5530444549552183,0.6871770135734415,0.691153161953081,4.137164559405029,4.019381523748645,0.691153161953081])",0.0
F070,represent everyone decade remember partner special second strong. world tend security somebody news usually. — shocking claims government cover-up surface internet.,"(10000,[116,278,503,1055,1810,2259,2433,2634,3089,5685,5850,6030,6652,7281,7936,8338,8717,8893,9256,9360,9813],[3.577548771469606,4.42484663185681,0.691153161953081,4.019381523748645,4.137164559405029,2.8154087194227095,4.137164559405029,4.137164559405029,4.270695952029551,4.019381523748645,0.691153161953081,4.270695952029551,4.830311739964974,0.6871770135734415,0.691153161953081,0.691153161953081,5.117993812416755,3.914021008090819,4.137164559405029,3.7316994512968646,2.997730276216664])",0.0
F041,possible station consider. upon thousand citizen power. along four anyone almost unit everything. — shocking claims immortal jellyfish surface internet.,"(10000,[8,503,666,1029,1243,2066,2840,4442,5850,6100,6335,6735,6751,6798,7281,7936,8338,8415,8566,9876],[4.270695952029551,0.691153161953081,4.607168188650764,3.914021008090819,3.6516567436233283,2.7508701982851385,3.6516567436233283,4.830311739964974,0.691153161953081,4.270695952029551,4.270695952029551,4.830311739964974,4.830311739964974,4.830311739964974,0.6871770135734415,0.691153161953081,0.691153161953081,4.019381523748645,4.270695952029551,2.7508701982851385])",0.0
R026,girl pick attention able bar art. either wide girl play international. experts discuss ongoing developments policy.,"(10000,[1029,2173,2836,2886,3144,3496,3614,4043,4506,4687,6944,7332,7372,9126,9462],[7.828042016181638,4.270695952029551,3.7316994512968646,5.523458920524919,4.270695952029551,4.42484663185681,0.6792718340663283,3.8187108282864943,0.691153161953081,0.691153161953081,2.8154087194227095,3.914021008090819,4.830311739964974,3.914021008090819,0.691153161953081])",1.0
R207,suffer account behind piece. land dinner strategy least work write. bar finish third let. experts discuss ongoing developments policy.,"(10000,[1634,2240,2291,3564,3614,4346,4506,4687,6135,6578,6944,7148,7332,8771,9187,9462,9527,9593,9784],[4.830311739964974,4.42484663185681,4.607168188650764,4.830311739964974,0.6792718340663283,3.914021008090819,0.691153161953081,0.691153161953081,3.7316994512968646,3.8187108282864943,2.8154087194227095,4.137164559405029,3.914021008090819,4.019381523748645,4.607168188650764,0.691153161953081,4.270695952029551,5.523458920524919,4.270695952029551])",1.0
F163,focus strong wall bank what. year life remember small return she. learn great boy move. ever prepare ever mrs physical. — shocking claims secret cure surface internet.,"(10000,[157,222,503,635,750,1116,1733,2286,3477,3892,3931,5594,5685,5760,5850,5967,6355,6404,6747,7281,7936,8338,8363,8899,8982,9751],[4.137164559405029,4.607168188650764,0.691153161953081,4.137164559405029,4.137164559405029,4.270695952029551,5.117993812416755,4.42484663185681,5.117993812416755,2.5530444549552183,3.8187108282864943,8.541391904059102,4.019381523748645,4.270695952029551,0.691153161953081,4.270695952029551,4.270695952029551,4.019381523748645,2.5530444549552183,0.6871770135734415,0.691153161953081,0.691153161953081,4.830311739964974,3.8187108282864943,4.830311739964974,5.117993812416755])",0.0
F171,never main miss stay. within carry its. front full lose term. — shocking claims government cover-up surface internet.,"(10000,[281,454,503,504,1071,1637,2259,4422,5850,6533,7015,7281,7936,8338,8897,9766,9813,9817],[4.830311739964974,3.172083663361442,0.691153161953081,3.8187108282864943,4.607168188650764,4.019381523748645,2.8154087194227095,4.019381523748645,0.691153161953081,4.607168188650764,5.117993812416755,0.6871770135734415,0.691153161953081,0.691153161953081,3.8187108282864943,4.607168188650764,2.997730276216664,4.019381523748645])",0.0
F139,try might beat early. defense research station throughout. — shocking claims immortal jellyfish surface internet.,"(10000,[503,2066,2569,2622,3543,3753,3924,4693,5850,7281,7936,8338,8415,9432,9876],[0.691153161953081,2.7508701982851385,3.577548771469606,5.523458920524919,4.270695952029551,4.830311739964974,3.383392757028649,4.607168188650764,0.691153161953081,0.6871770135734415,0.691153161953081,0.691153161953081,4.019381523748645,4.137164559405029,2.7508701982851385])",0.0
F120,think old. kid ability raise occur employee. church station spend some. — shocking claims miracle drug surface internet.,"(10000,[353,503,1256,1273,1921,2335,2812,3527,3681,3723,5850,7183,7281,7860,7936,8338,8408,8415],[3.914021008090819,0.691153161953081,3.125563647726549,3.3262343431887,4.019381523748645,4.137164559405029,5.117993812416755,4.42484663185681,3.914021008090819,3.914021008090819,0.691153161953081,5.523458920524919,0.6871770135734415,2.997730276216664,0.691153161953081,0.691153161953081,4.137164559405029,4.019381523748645])",0.0
F146,number message bring poor effort. card tell specific grow physical. — shocking claims mind control surface internet.,"(10000,[503,1116,1208,1850,2059,2144,2404,2715,2912,3057,3184,5850,7281,7936,8103,8338,8519],[0.691153161953081,4.270695952029551,2.661258039595451,3.8187108282864943,2.6902455764687034,4.019381523748645,4.137164559405029,4.270695952029551,5.523458920524919,3.6516567436233283,2.920769235080536,0.691153161953081,0.6871770135734415,0.691153161953081,4.42484663185681,0.691153161953081,4.42484663185681])",0.0
R115,paper yard population bag answer girl. hard always size issue finally. result agent agency record season. experts discuss ongoing developments research.,"(10000,[399,415,424,765,1619,3192,3614,3619,4347,4506,4687,5016,5125,6616,7066,7140,7370,8690,9011,9258,9462],[4.019381523748645,4.830311739964974,3.8187108282864943,3.914021008090819,4.830311739964974,4.137164559405029,0.6792718340663283,4.42484663185681,3.914021008090819,0.691153161953081,0.691153161953081,3.8187108282864943,4.137164559405029,3.914021008090819,2.8844015909096608,4.607168188650764,4.830311739964974,4.270695952029551,4.019381523748645,4.607168188650764,0.691153161953081])",1.0
F039,culture pull use player. — shocking claims aliens surface internet.,"(10000,[503,650,2263,5133,5850,6597,7281,7936,8338,8645],[0.691153161953081,2.958509563063383,5.117993812416755,4.137164559405029,0.691153161953081,4.137164559405029,0.6871770135734415,0.691153161953081,0.691153161953081,3.914021008090819])",0.0
F225,change work pull rich. say return type new city clearly look stage. practice rather part suffer item individual technology. medical product pm music. — shocking claims hoax surface internet.,"(10000,[387,447,503,585,635,1675,1916,2837,3526,4280,4377,5442,5495,5850,5862,6135,6597,6643,7026,7281,7936,8238,8268,8338,8614,8740,8893,9527,9939],[4.137164559405029,4.42484663185681,0.691153161953081,3.5085558999826545,4.137164559405029,4.830311739964974,4.607168188650764,4.270695952029551,4.270695952029551,3.6516567436233283,2.60568818844064,5.523458920524919,4.830311739964974,0.691153161953081,3.577548771469606,3.7316994512968646,4.137164559405029,4.830311739964974,4.019381523748645,0.6871770135734415,0.691153161953081,4.270695952029551,4.019381523748645,0.691153161953081,4.42484663185681,4.019381523748645,3.914021008090819,4.270695952029551,4.830311739964974])",0.0
F140,form expect seek available two others. bring everybody debate kind beyond. — shocking claims aliens surface internet.,"(10000,[142,171,503,650,2475,2561,3057,3691,4673,4728,5621,5850,6044,7281,7936,8276,8338],[4.830311739964974,3.914021008090819,0.691153161953081,2.958509563063383,3.8187108282864943,4.019381523748645,3.6516567436233283,4.42484663185681,5.117993812416755,3.6516567436233283,4.607168188650764,0.691153161953081,4.830311739964974,0.6871770135734415,0.691153161953081,4.607168188650764,0.691153161953081])",0.0
F122,condition scientist ahead job. better manage team since our. ready moment often. — shocking claims mind control surface internet.,"(10000,[468,503,1208,2543,2636,3184,3401,5328,5850,6226,6287,6557,7281,7883,7936,8268,8338,8757,9621],[4.137164559405029,0.691153161953081,2.661258039595451,3.2208738275308737,5.523458920524919,2.920769235080536,4.019381523748645,3.4440173788450834,0.691153161953081,4.42484663185681,4.137164559405029,3.7316994512968646,0.6871770135734415,4.607168188650764,0.691153161953081,4.019381523748645,0.691153161953081,5.117993812416755,5.117993812416755])",0.0
R070,person charge lawyer position local less. meeting although available model say really. experts discuss ongoing developments budget report.,"(10000,[20,228,359,1339,2475,3249,3614,4506,4687,4991,5432,5862,6812,6959,7102,7779,9021,9462],[3.914021008090819,3.8187108282864943,5.523458920524919,4.019381523748645,3.8187108282864943,3.6516567436233283,0.6792718340663283,0.691153161953081,0.691153161953081,2.503034034380557,2.7508701982851385,3.577548771469606,4.830311739964974,5.117993812416755,4.42484663185681,3.8187108282864943,4.270695952029551,0.691153161953081])",1.0
F248,system fill beat. store likely fill dream church drop place. — shocking claims celebrity scandal surface internet.,"(10000,[309,503,1273,2366,3486,3996,4131,4921,5850,7184,7281,7936,8338,8577,9612,9727],[3.6516567436233283,0.691153161953081,3.3262343431887,3.914021008090819,2.849310271098391,4.270695952029551,4.607168188650764,2.849310271098391,0.691153161953081,4.42484663185681,0.6871770135734415,0.691153161953081,0.691153161953081,4.137164559405029,5.117993812416755,8.274329118810059])",0.0
R016,wall finish management east. network fire ground. experts discuss ongoing developments technology breakthrough.,"(10000,[1020,1167,1241,2227,3614,4506,4687,5191,6404,6578,8678,9152,9462],[2.661258039595451,4.830311739964974,3.914021008090819,2.7200985396183848,0.6792718340663283,0.691153161953081,0.691153161953081,3.8187108282864943,4.019381523748645,3.8187108282864943,4.607168188650764,4.019381523748645,0.691153161953081])",1.0
R148,first threat space upon. box old line book character hear. experts discuss ongoing developments technology breakthrough.,"(10000,[286,393,1020,1182,2227,3614,4506,4687,4867,5087,6403,7083,7922,8070,9188,9462],[5.523458920524919,4.607168188650764,2.661258039595451,4.830311739964974,2.7200985396183848,0.6792718340663283,0.691153161953081,0.691153161953081,3.914021008090819,4.830311739964974,4.137164559405029,4.270695952029551,4.607168188650764,4.607168188650764,4.607168188650764,0.691153161953081])",1.0
R142,deal call accept character play push. market require kid sense model weight. experts discuss ongoing developments budget report.,"(10000,[288,1433,2173,2657,3614,3723,4506,4687,4867,4991,5146,5432,5447,7074,7102,8449,9462],[5.117993812416755,3.914021008090819,4.270695952029551,7.155097542939212,0.6792718340663283,3.914021008090819,0.691153161953081,0.691153161953081,3.914021008090819,2.503034034380557,3.8187108282864943,2.7508701982851385,3.2208738275308737,3.4440173788450834,4.42484663185681,4.607168188650764,0.691153161953081])",1.0
F141,tend defense lose action material. peace dream many city. — shocking claims miracle drug surface internet.,"(10000,[206,503,1256,1810,2366,3543,4422,5188,5616,5850,6633,6697,7281,7860,7936,8338],[4.830311739964974,0.691153161953081,3.125563647726549,4.137164559405029,3.914021008090819,4.270695952029551,4.019381523748645,4.137164559405029,4.830311739964974,0.691153161953081,4.270695952029551,4.607168188650764,0.6871770135734415,2.997730276216664,0.691153161953081,0.691153161953081])",0.0
R076,drug easy long painting economic successful myself. card conference see. experts discuss ongoing developments technology breakthrough.,"(10000,[760,1020,1034,2144,2227,2895,3614,4506,4687,5657,5659,6975,7860,8904,9144,9462],[4.019381523748645,2.661258039595451,4.42484663185681,4.019381523748645,2.7200985396183848,5.523458920524919,0.6792718340663283,0.691153161953081,0.691153161953081,4.607168188650764,4.270695952029551,5.523458920524919,2.997730276216664,4.137164559405029,2.7508701982851385,0.691153161953081])",1.0
R180,hard strong go picture upon career. executive focus free prepare morning. experts discuss ongoing developments budget report.,"(10000,[1073,2286,2481,3614,3931,4115,4506,4687,4991,5125,5432,6355,6451,6735,9118,9462,9966],[4.42484663185681,4.42484663185681,4.019381523748645,0.6792718340663283,3.8187108282864943,4.830311739964974,0.691153161953081,0.691153161953081,2.503034034380557,4.137164559405029,2.7508701982851385,4.270695952029551,4.137164559405029,4.830311739964974,5.117993812416755,0.691153161953081,4.830311739964974])",1.0
F126,bring call address. vote cost behavior compare street cold like. — shocking claims aliens surface internet.,"(10000,[503,650,735,1259,3057,3684,3920,4490,5146,5850,7281,7936,8338,9190,9214,9246],[0.691153161953081,2.958509563063383,4.607168188650764,3.8187108282864943,3.6516567436233283,4.137164559405029,4.137164559405029,4.270695952029551,3.8187108282864943,0.691153161953081,0.6871770135734415,0.691153161953081,0.691153161953081,5.117993812416755,3.7316994512968646,4.137164559405029])",0.0
R134,produce political section economic pretty pick. government east agree avoid institution understand company. experts discuss ongoing developments economic growth.,"(10000,[1388,1648,2259,3008,3243,3614,3919,3935,4506,4687,5344,6487,6576,6925,6968,9034,9144,9462],[4.607168188650764,4.270695952029551,2.8154087194227095,5.523458920524919,4.42484663185681,0.6792718340663283,4.019381523748645,3.6516567436233283,0.691153161953081,0.691153161953081,5.117993812416755,3.914021008090819,4.42484663185681,4.607168188650764,4.137164559405029,2.920769235080536,5.501740396570277,0.691153161953081])",1.0
F132,modern race sell budget prevent defense. work thus action glass event big form. bring century choose daughter treatment everything. — shocking claims mind control surface internet.,"(10000,[176,454,503,1208,2336,3048,3057,3184,3252,4249,4442,4485,4991,5684,5850,6633,6932,7281,7623,7728,7841,7936,8015,8338,9527,9706],[4.607168188650764,3.172083663361442,0.691153161953081,2.661258039595451,4.137164559405029,4.137164559405029,3.6516567436233283,2.920769235080536,4.137164559405029,5.523458920524919,4.830311739964974,4.270695952029551,2.503034034380557,4.137164559405029,0.691153161953081,4.270695952029551,4.270695952029551,0.6871770135734415,4.270695952029551,4.137164559405029,3.8187108282864943,0.691153161953081,4.137164559405029,0.691153161953081,4.270695952029551,4.607168188650764])",0.0
F230,night foot within help. note couple morning simply image able. assume mention plan usually old officer for. — shocking claims immortal jellyfish surface internet.,"(10000,[503,696,1642,2066,2664,2907,2990,3160,3952,4241,5303,5850,6123,6869,7083,7281,7702,7890,7936,8338,8730,9817,9876,9909],[0.691153161953081,4.137164559405029,4.137164559405029,2.7508701982851385,4.137164559405029,4.42484663185681,3.914021008090819,4.42484663185681,4.830311739964974,4.830311739964974,3.8187108282864943,0.691153161953081,4.42484663185681,4.019381523748645,4.270695952029551,0.6871770135734415,4.137164559405029,4.42484663185681,0.691153161953081,0.691153161953081,4.42484663185681,4.019381523748645,2.7508701982851385,4.607168188650764])",0.0
F243,cup product way. — shocking claims aliens surface internet.,"(10000,[447,503,650,3059,4639,5850,7281,7936,8338],[4.42484663185681,0.691153161953081,2.958509563063383,4.270695952029551,4.830311739964974,0.691153161953081,0.6871770135734415,0.691153161953081,0.691153161953081])",0.0
R191,food recent daughter drive morning. trip maybe kind shoulder job surface dark. experts discuss ongoing developments budget report.,"(10000,[557,3614,4115,4506,4687,4818,4991,5432,5591,5782,6044,6325,6717,6756,7281,7623,8653,9462],[4.137164559405029,0.6792718340663283,4.830311739964974,0.691153161953081,0.691153161953081,4.42484663185681,2.503034034380557,2.7508701982851385,3.8187108282864943,4.270695952029551,4.830311739964974,4.607168188650764,5.117993812416755,3.8187108282864943,0.6871770135734415,4.270695952029551,4.270695952029551,0.691153161953081])",1.0
R130,relate respond mouth rock approach early. begin hope account cut. experts discuss ongoing developments public health.,"(10000,[574,988,1513,1770,2500,3095,3614,3753,4506,4687,4898,6000,6219,7497,9187,9462],[4.019381523748645,4.607168188650764,3.914021008090819,3.125563647726549,4.137164559405029,4.137164559405029,0.6792718340663283,4.830311739964974,0.691153161953081,0.691153161953081,5.117993812416755,3.914021008090819,3.0385522707369192,3.914021008090819,4.607168188650764,0.691153161953081])",1.0
F081,one position size wait then. officer across much picture. class coach politics treatment. — shocking claims mind control surface internet.,"(10000,[503,524,696,815,1208,1339,2887,3143,3184,3192,3514,4007,5379,5477,5850,5887,7074,7281,7936,8338],[0.691153161953081,3.4440173788450834,4.137164559405029,4.019381523748645,2.661258039595451,4.019381523748645,5.117993812416755,4.830311739964974,2.920769235080536,4.137164559405029,4.270695952029551,3.914021008090819,5.523458920524919,4.270695952029551,0.691153161953081,3.6516567436233283,3.4440173788450834,0.6871770135734415,0.691153161953081,0.691153161953081])",0.0
R209,smile lose discuss tend possible physical million. trade gun quality thing each. marriage vote also three manager new. win south ten. experts discuss ongoing developments technology breakthrough.,"(10000,[419,1020,1652,1810,2227,2398,2713,3506,3614,3792,3857,4422,4506,4687,4816,5925,6021,6100,6229,6280,7724,8313,8649,9214,9415,9462],[4.42484663185681,2.661258039595451,3.8187108282864943,4.137164559405029,2.7200985396183848,3.914021008090819,4.137164559405029,4.830311739964974,1.3585436681326566,4.270695952029551,4.270695952029551,4.019381523748645,0.691153161953081,0.691153161953081,3.7316994512968646,4.607168188650764,4.137164559405029,4.270695952029551,4.42484663185681,5.523458920524919,5.523458920524919,4.270695952029551,4.019381523748645,3.7316994512968646,4.830311739964974,0.691153161953081])",1.0
F228,meet develop condition contain another. evidence buy young size two speech. actually cup author behind pick idea this. — shocking claims hoax surface internet.,"(10000,[80,503,1180,1241,2054,3059,3192,4346,4377,4728,4963,5328,5850,5958,6447,7281,7372,7493,7809,7936,7963,8338,9350,9940],[4.42484663185681,0.691153161953081,5.117993812416755,3.914021008090819,4.270695952029551,4.270695952029551,4.137164559405029,3.914021008090819,2.60568818844064,3.6516567436233283,4.607168188650764,3.4440173788450834,0.691153161953081,3.914021008090819,4.607168188650764,0.6871770135734415,4.830311739964974,4.137164559405029,4.607168188650764,0.691153161953081,4.019381523748645,0.691153161953081,4.019381523748645,4.270695952029551])",0.0
R030,lot bar else safe identify yeah. challenge fear bar operation. experts discuss ongoing developments budget report.,"(10000,[3614,3967,4506,4687,4943,4991,5034,5432,5887,5935,7332,7642,8134,9462,9513],[0.6792718340663283,4.137164559405029,0.691153161953081,0.691153161953081,3.914021008090819,2.503034034380557,4.830311739964974,2.7508701982851385,3.6516567436233283,3.7316994512968646,7.828042016181638,4.830311739964974,5.117993812416755,0.691153161953081,3.914021008090819])",1.0
R214,call feel car worry three father. former instead pattern particular. help drop nation give. firm particular movement manager kitchen fear right. experts discuss ongoing developments education.,"(10000,[617,756,1652,2660,3115,3614,3674,4014,4160,4506,4527,4687,5047,5146,5294,5925,8343,8577,8633,8759,8894,8984,9132,9347,9462,9513],[4.830311739964974,4.42484663185681,3.8187108282864943,5.117993812416755,4.137164559405029,0.6792718340663283,4.830311739964974,3.914021008090819,4.42484663185681,0.691153161953081,4.019381523748645,0.691153161953081,2.6902455764687034,3.8187108282864943,4.270695952029551,4.607168188650764,4.607168188650764,4.137164559405029,5.117993812416755,4.830311739964974,4.137164559405029,4.137164559405029,4.830311739964974,4.607168188650764,0.691153161953081,3.914021008090819])",1.0
R175,ask year health. thank letter long authority generation. experts discuss ongoing developments economic growth.,"(10000,[564,1176,1687,3507,3614,4506,4687,4695,6219,8899,8904,9034,9144,9462],[3.914021008090819,4.270695952029551,4.607168188650764,4.270695952029551,0.6792718340663283,0.691153161953081,0.691153161953081,5.117993812416755,3.0385522707369192,3.8187108282864943,4.137164559405029,2.920769235080536,2.7508701982851385,0.691153161953081])",1.0
